https://www.rhubarbinfo.com/2019/03/composting-rhubarb.html	https://blogger.googleusercontent.com/img/b/R29vZ2xl/AVvXsEi4PiqEiexWUct3iU1MVVHfDcw3tlPmZGIOvJA3ldymBvYf9CmmVjKrqQge_RpeGa9kY4Rd152eCevpwJFSHuaQTDh_hOiuUrJVaDuSRE1ETA_TyPQPav7bpToM8FyEOKB_JcWLsYdL6P0/s400/item_compost_bin.jpg
https://www.rhubarbinfo.com/2019/03/culinary-uses-of-rhubarb.html	https://blogger.googleusercontent.com/img/b/R29vZ2xl/AVvXsEin98xayuIuFAJ-08QUqR4xK97-AQJhh4VXkWsWrM5MwlOxC9OzEQwwcFhyEmK4bOg6B-0o7A3NaPBchmV9Q4FYxUuwCKoBE7Lju8k0nR1lU7U-GiwCEfCMjo1PxiWqd8I0t-56BppKK6Y/s400/rhubarb_produce_market.jpg
https://www.rhubarbinfo.com/2019/03/forcing-rhubarb.html	https://blogger.googleusercontent.com/img/b/R29vZ2xl/AVvXsEiZMy1O0i9H4tmaXPgvhZ2WEyT07RQVqGdd1tvDc-tsef440DyI7wsJRXcIo0XdN0SGaSsfTBqkzesh8b04ZHgy45kQZI6V9GyxtmlThypDKkdkUXIHdC4cs2IeOJEx5X0aUv8dTo0bgpE/s400/rhubarb_goliath_forced.png
https://www.rhubarbinfo.com/2019/03/forcing-rhubarb.html	https://blogger.googleusercontent.com/img/b/R29vZ2xl/AVvXsEhgmv41rbXG5pr7c-uVcZRJhj5hdV0NCHVlSUYxvarVU9G7L1Y7wVBMRDVqPwXXOZ0EiWPTnqULXTkcLnUHrBbn1KewuDvtLAN-jk3GRG58s9aCtaQH4Cq3BXHm6w2QqpY3xQe266fQ0O8/s400/rhubarb_forcing_jars_4.jpg
https://www.rhubarbinfo.com/2019/03/	https://blogger.googleusercontent.com/img/b/R29vZ2xl/AVvXsEin98xayuIuFAJ-08QUqR4xK97-AQJhh4VXkWsWrM5MwlOxC9OzEQwwcFhyEmK4bOg6B-0o7A3NaPBchmV9Q4FYxUuwCKoBE7Lju8k0nR1lU7U-GiwCEfCMjo1PxiWqd8I0t-56BppKK6Y/s400/rhubarb_produce_market.jpg
https://www.rhubarbinfo.com/2019/03/propagating-rhubarb.html	https://blogger.googleusercontent.com/img/b/R29vZ2xl/AVvXsEhbs-Ybp904XhGYL9Db66nKrzJKAIsJKKUCbvmYxuDGiW9X3D_Er209QDSZ3_WiTFHpG9e8Gegrl6CT8kqyRc4MYysYhoBvgHFjJLdAiq0EINIa7Ha7Jn-UxjLrmNQHuYluWt_okoYpjD8/s400/rhubarb_plant_victoria.png
https://www.rhubarbinfo.com/2019/03/propagating-rhubarb.html	https://blogger.googleusercontent.com/img/b/R29vZ2xl/AVvXsEgxIT_GDD6pyMv8t24QUFAbPRMYL0SYmo4_hqwdUMS_fY_Nhm1-pzg5pkOqKx91V3iFfwxPeXjZDdOm_eUAejTjklmZNimFm95yJpWl8hRiJp7hH4UdT2evFLNiwzLnbkO1rYgC7Z4wKww/s400/rhubarb_spring_growth.png
https://www.rhubarbinfo.com/2019/03/propagating-rhubarb.html	https://blogger.googleusercontent.com/img/b/R29vZ2xl/AVvXsEj74ClcsgAkv56LScpwu98Lt2NEVBGwFIaygZ71Bf6WZ1Wh_apBIXMMbm_klQNmvhJBcb0DqJuXRzEnK2ZpVixUN2u_ZhPaIbIhMVsZ8yIcTdDVcpUouRg_X2UD2hLZyf4aJyOKLuIgl9s/s400/rhubarb_roots.png
https://www.rhubarbinfo.com/2019/03/rhubarb-bars.html	https://blogger.googleusercontent.com/img/b/R29vZ2xl/AVvXsEisoq5OscLrJeFt-0d_16tAbJT20kgqFVggU3P9fh_g75UaLhKSLvvZnTCcQ-gFWcSDVPEHww6dDfCuMoSgNuYlRiF5JqiYB83HrdctBhsFg5iK5AjPQCUc1x1fs_QHY1wGCwJ5tWvYls8/s320/food_rhubarb_bar.jpg
https://www.rhubarbinfo.com/2019/03/rhubarb-is-cool-season-perennial-plant.html	https://blogger.googleusercontent.com/img/b/R29vZ2xl/AVvXsEiN0amvdUGCAXr58H0Rjzvpn9khKPKz_Se6hFtrxfkdQqw5GfMnLilKvhb4yx9GrUTgy_noCqDcPx2o7MQob3b3ZRrO8D_RcADZOiLrM2MrE7U6z7H4QW-QsidZiXkIwi5Afjygf5riVJY/s400/rhubarb_plant_bloodred.png
https://www.rhubarbinfo.com/2019/03/rhubarb-is-cool-season-perennial-plant.html	https://blogger.googleusercontent.com/img/b/R29vZ2xl/AVvXsEjeX7-oQgL-QRuILct4yyWie6oidcpAlKNCkKUWEJifcBHJmfrybn-g609LRG5ZVY2ERPrWdA1KHBKEXBOgYtJV3qHDCroNMmONGqbXKXm-K4uszO_JR1j9ZnS-OcpyXkherVbzSLhPyp4/s400/rhubarb_in_manure_0.png
https://www.rhubarbinfo.com/2019/03/rhubarb-nutritional-information.html	https://blogger.googleusercontent.com/img/b/R29vZ2xl/AVvXsEilR-QqhQjWurHsnjrBOKh4xSRSIb0HaxuRGr9pld4iigp2KWz93Nz8EzrzXLl-rxiBzNX2ep9KVOy2dVRhk6InmyHXxY-oeQKVXEcs0llkFxQm38Mcw8FdzZYkB2Ltsru5izuNdS0firE/s400/food_rhubarb_tarts.jpg
https://www.rhubarbinfo.com/2019/03/rhubarb-seedpods.html	https://blogger.googleusercontent.com/img/b/R29vZ2xl/AVvXsEgctbtyHKkhIh2sPnh4gfzEFf2rMuSJwjAGHGoGUTAR6K_ubIK_woFjzKFDdAdTwm8aEX-zn7JCZ2mThbqmEw8N3wooOsjM0pgiWLulNvNxRpXTIojdtX-s8UYcgOm_JhVwve-RMnfnx6k/s400/rhubarb_flower_bud.png
https://www.rhubarbinfo.com/2019/03/rhubarb-seedpods.html	https://blogger.googleusercontent.com/img/b/R29vZ2xl/AVvXsEgAfg2BiWV0ac4zixxjhZcB16t1aRULQ8zo4W60CahBuH1pDlQ62iHooFc4KO0HEizfQCKxOtJ8IyZdTV4M-5hWZvc5PhMSM0EAAVMYkfk95Hnk52PCctB47bcCj5AKOpcfkYvzmAdvy2E/s400/rhubarb_flowers_blooming.png
https://www.rhubarbinfo.com/2019/03/rhubarb-seedpods.html	https://blogger.googleusercontent.com/img/b/R29vZ2xl/AVvXsEh8RWHN7DO5iYWU1-5W4AHf8jYu37q5DePMap5tWIB1bKP8eoQdCTixzNsbCfLZvsWtRhItBXiBnrcQDek9rF9iCgW1NuRKnPE4SPpgj-vQR6VH1JZ3FFngeieQcc_X6GG59cgRQC7O5hQ/s400/rhubarb_earwigs_in_flowerstalk.jpg
https://www.rhubarbinfo.com/2019/03/rhubarb-species.html	https://blogger.googleusercontent.com/img/b/R29vZ2xl/AVvXsEiUITfUE33HpZfvIj7eRNEoF5XaMcBnlfMAyosiKuhl9WRzcNegx5FNPWFwVf6dDFCdotK2XEcHgbS29iDtqnJeJ64I_dgDVxrgQu7zNg5oyEneH2OoW6AgYf6z8yqT5gRDu8KgJ7Asegk/s400/rhubarb_red_stalks.png
https://www.rhubarbinfo.com/2019/03/rhubarb-species.html	https://blogger.googleusercontent.com/img/b/R29vZ2xl/AVvXsEiXC_fe27qsHeLRFTQBEr92A_mLRyBTgy2Xc5PR3FzuI4alcGfsDXijb6ZfFHj_xHv7M7PbVGoHuzLSEwkVoP1OiUeTYrXh1k3pkJ-TXzVHDiyatSTvoKrt_2ODJz-sMLT80lb1CGaec3A/s400/rheum_palmatum.png
https://www.rhubarbinfo.com/2019/03/rhubarb-varieties.html	https://blogger.googleusercontent.com/img/b/R29vZ2xl/AVvXsEgUMVfvzLxZ-A-3sNuEovnKQphTj-xsvx67Mp8yIUHg20tUeQsRKg2Kphm1-nj9oU3vGAj-TiJ_1SeoqRP0mVJRxBOAdQkTszuI6tEy6jkHk-6Hw4HP4_NVpIOIUxPS0Ig24R0Uyj_PLkI/s400/rhubarb_stalks_assorted.jpg
https://www.rhubarbinfo.com/2019/03/things-that-are-not-rhubarb.html	https://blogger.googleusercontent.com/img/b/R29vZ2xl/AVvXsEjE3sORlK-LPZrYp2lmNyV-jnCU9s2IA2rCu8YtixGVqWds60TMyTNx5cjnGWiVYVbAFQemHMImEkXXjylkl_ZrfK3QgcRuNPJ14ATzSaKwhgCNE7qEU-8doM6r3CiFciWzA4gEPk0Nm3Q/s400/+not_rhubarb_dock_plant.png
https://www.rhubarbinfo.com/2019/03/things-that-are-not-rhubarb.html	https://blogger.googleusercontent.com/img/b/R29vZ2xl/AVvXsEjN2Ffc7sZdRaKZoD22bCEHFoRbTezDsEUBvhwi9vAchq8xZiWOM0bBXVxeZx457pwm-LlupGz9hhKp3UYr_wIy_k-8hldlfZBWUG35O7oDuVXFWowEDoHT1_Wk3cOqePQj-BKLg4u5jJk/s400/not_rhubarb_giant_Gunnera_manicata+.jpg
https://www.rhubarbinfo.com/2019/07/	https://blogger.googleusercontent.com/img/b/R29vZ2xl/AVvXsEinth71UI4_q6legj2FsIJyMxwaK9ovzAs_8B6ToQ1fhdXd661IhvRqdINdzSuLGUsUdRsS5baLUZY0kosbR1vsHhd-2GV7K3nCGuFwOuxJdDfOrm733dMnW2fr8kGQ4xxomgs0erxg-so/s320/food_rhubarb_wine_stage3.jpg
https://www.rhubarbinfo.com/2019/07/rhubarb-wine.html	https://blogger.googleusercontent.com/img/b/R29vZ2xl/AVvXsEinth71UI4_q6legj2FsIJyMxwaK9ovzAs_8B6ToQ1fhdXd661IhvRqdINdzSuLGUsUdRsS5baLUZY0kosbR1vsHhd-2GV7K3nCGuFwOuxJdDfOrm733dMnW2fr8kGQ4xxomgs0erxg-so/s320/food_rhubarb_wine_stage3.jpg
https://www.rhubarbinfo.com/2019/08/	https://blogger.googleusercontent.com/img/b/R29vZ2xl/AVvXsEj5ptbXRAtg0F5i3cYnNrMHFWvO4LMLXeFVMp5zRK97VgeYq_eEqurfkdq-7ATvIGk6wa3KVbrEiWHdTpKcF-5H-Q-vQaF0KpXOaPtaJdZsxtfUenzBXeYvv2k9CTuuBcfwg6H9gjt52-g/s320/food_rhubarb_something.jpg
https://www.rhubarbinfo.com/2019/08/rhubarb-tart-recipes.html	https://blogger.googleusercontent.com/img/b/R29vZ2xl/AVvXsEiOcCKppDCfo3skQQq8CNonsInNVIX9-e1biEtlHTQ2bs6utD61VADLsPx-hs7nzA0sxwlAfU_zPYE_twOaUBcG3OaJFJunVKVe2E_C-37lxOzbhqt6NKFTZgm2Pk62mbDHpAltiq8Mv8A/s320/food_rhubarb_tart.jpg
https://www.rhubarbinfo.com/2019/08/various-rhubarb-recipes.html	https://blogger.googleusercontent.com/img/b/R29vZ2xl/AVvXsEj5ptbXRAtg0F5i3cYnNrMHFWvO4LMLXeFVMp5zRK97VgeYq_eEqurfkdq-7ATvIGk6wa3KVbrEiWHdTpKcF-5H-Q-vQaF0KpXOaPtaJdZsxtfUenzBXeYvv2k9CTuuBcfwg6H9gjt52-g/s320/food_rhubarb_something.jpg
https://www.rhubarbinfo.com/2019/09/	https://blogger.googleusercontent.com/img/b/R29vZ2xl/AVvXsEiu3mrPyQPdIOqK6JNn_T_g2X5FMjo78Ac6GMBBxEOkcQ_U3j1llFboNZOBxKnBddf0gZTPq3GgkXXKY9iv45tRXzkmJSx4hnwxqBrVwVpozSRd6gZxHUHYWNxpajpoL3fj6wjdXd1g7fA/s320/rhubarb_produce_market.jpg
https://www.rhubarbinfo.com/2019/09/rhubarb-salad-recipes.html	https://blogger.googleusercontent.com/img/b/R29vZ2xl/AVvXsEiu3mrPyQPdIOqK6JNn_T_g2X5FMjo78Ac6GMBBxEOkcQ_U3j1llFboNZOBxKnBddf0gZTPq3GgkXXKY9iv45tRXzkmJSx4hnwxqBrVwVpozSRd6gZxHUHYWNxpajpoL3fj6wjdXd1g7fA/s320/rhubarb_produce_market.jpg
https://www.rhubarbinfo.com/2019/09/rhubarb-soup-recipes.html	https://blogger.googleusercontent.com/img/b/R29vZ2xl/AVvXsEgcjooWkbgClgqnVhCP5hXVB3eK7Rd_QrfaJRZOeg97grVCPmJfkjypfZYAM2YoMcRrfRaZWAuqVdsjgGE1SIJKCpA_kf3DwyvYjGL6pDmwUic9UxTWg3wGJz0Zmt9Rc2NgkTtYLnjBfbE/s320/rhubarb_produce_market.jpg
https://www.rhubarbinfo.com/2019/10/	https://blogger.googleusercontent.com/img/b/R29vZ2xl/AVvXsEgfLWbKkXrEq43PWFimf-ENdpLewj9c0asf-KEjTUFnZZ7rZ8o2YQzm6g6sVAxmZP15h6LC7rNBN_jNrVmvCw5VXZUlGXvVCCQL3DT5zLhNoJJxyAS_Jpt2FijVXfKMwg8orTBDiqLpYZs/s320/food_rhubarb_pudding.jpg
https://www.rhubarbinfo.com/2019/10/rhubarb-pudding-recipes.html	https://blogger.googleusercontent.com/img/b/R29vZ2xl/AVvXsEgfLWbKkXrEq43PWFimf-ENdpLewj9c0asf-KEjTUFnZZ7rZ8o2YQzm6g6sVAxmZP15h6LC7rNBN_jNrVmvCw5VXZUlGXvVCCQL3DT5zLhNoJJxyAS_Jpt2FijVXfKMwg8orTBDiqLpYZs/s320/food_rhubarb_pudding.jpg
https://www.rhubarbinfo.com/2019/11/	https://blogger.googleusercontent.com/img/b/R29vZ2xl/AVvXsEjsydrjBaVMi1-uITOtBrVkDpMTiG9fSy_oyDFCCIACRS5j3bLp_m_CPEQKInsb1663cC1bUwKnDQ3GAksVSIP5urhR8VqoODHkCrSs4LsXDEUqXgs6muHNGlt6a43Llo5vGXdL1dx7ZOE/s320/rhubarb_produce_market.jpg
https://www.rhubarbinfo.com/2019/11/rhubarb-pie-recipes.html	https://blogger.googleusercontent.com/img/b/R29vZ2xl/AVvXsEiLIMOFgOEHxebH_4p2wQsKwLteRITft6R58GDGsTXLIQjcHiSYhih8ScTKJ6VnstVz1EzFKSN8zFgFQNp7ZmyVeh2tN7rE5JTsKwBqCY07jPlQxslEeRuhtreEkjx0JYH465n8I5eJ8R8/s320/food_rhubarb_strawberry_rhubarb_pie.jpg
https://www.rhubarbinfo.com/2019/11/rhubarb-pork-recipes.html	https://blogger.googleusercontent.com/img/b/R29vZ2xl/AVvXsEjsydrjBaVMi1-uITOtBrVkDpMTiG9fSy_oyDFCCIACRS5j3bLp_m_CPEQKInsb1663cC1bUwKnDQ3GAksVSIP5urhR8VqoODHkCrSs4LsXDEUqXgs6muHNGlt6a43Llo5vGXdL1dx7ZOE/s320/rhubarb_produce_market.jpg
https://www.rhubarbinfo.com/2019/12/	https://blogger.googleusercontent.com/img/b/R29vZ2xl/AVvXsEhEEao2pAIFVp0SkSpjUfLdoMSc37iysk794zRR7FfYiKeKWXHpnMWTWedEsoqv-4Fxpx16RJE8IKfCGl_qqp6Tbbn49mKlB6bkfAjfg1tBQDaqIi67yU33WnsmqP66uEnfcLfl6lQ0l1Y/s1600/rhubarb_produce_market.jpg
https://www.rhubarbinfo.com/2020/01/frozen-rhubarb-recipes.html	https://blogger.googleusercontent.com/img/b/R29vZ2xl/AVvXsEj_5ahsh9MZ-rHF05-oMITcYMAzNOzw7xQo4ihAc3QpsP8POe7sEfvqQx2i2ZHEjfiVRH1WP39jv33qH51e6skQxgb1Hcm-XoPg1KOTbpoMKmHfmotdu5rOy36U8cUbDF4DIk1mKuryjuI/s320/food_rhubarb_frozen.jpg
https://www.rhubarbinfo.com/2020/01/	https://blogger.googleusercontent.com/img/b/R29vZ2xl/AVvXsEj_5ahsh9MZ-rHF05-oMITcYMAzNOzw7xQo4ihAc3QpsP8POe7sEfvqQx2i2ZHEjfiVRH1WP39jv33qH51e6skQxgb1Hcm-XoPg1KOTbpoMKmHfmotdu5rOy36U8cUbDF4DIk1mKuryjuI/s320/food_rhubarb_frozen.jpg
https://www.rhubarbinfo.com/2020/02/	https://blogger.googleusercontent.com/img/b/R29vZ2xl/AVvXsEgQivx9W9veO1KSDjY7VfhvcKSKO0c6behcVbeHPcvuGzDQsEZ-L-Gqcdudpkk0ZPdiq0pKkGxKPGr_PcrOf-xwljPy62GN5kAZ0kU3Nify_GPP7uAdCJ096eq04zvmabKisdB14D5PI_Q/s320/food_rhubarb_jams.jpg
https://www.rhubarbinfo.com/2020/02/rhubarb-jam-recipes.html	https://blogger.googleusercontent.com/img/b/R29vZ2xl/AVvXsEgQivx9W9veO1KSDjY7VfhvcKSKO0c6behcVbeHPcvuGzDQsEZ-L-Gqcdudpkk0ZPdiq0pKkGxKPGr_PcrOf-xwljPy62GN5kAZ0kU3Nify_GPP7uAdCJ096eq04zvmabKisdB14D5PI_Q/s320/food_rhubarb_jams.jpg
https://www.rhubarbinfo.com/2020/03/	https://blogger.googleusercontent.com/img/b/R29vZ2xl/AVvXsEjf5ETC0nKG9nbzAxsXVM41oPqVUxVjm7R7VH1lCfaU83S7oIraFdKtGlRosxHAU1UpFpFAucC6quwlPCKtjXiO9xgbsbtI6PjjtoJ_2Tf8k5qUYL53Ls4VCbEXEem2wWr_Gq21w-oD4NQ/s320/rhubarb_produce_market.jpg
https://www.rhubarbinfo.com/2020/03/rhubarb-bread-recipes.html	https://blogger.googleusercontent.com/img/b/R29vZ2xl/AVvXsEjf5ETC0nKG9nbzAxsXVM41oPqVUxVjm7R7VH1lCfaU83S7oIraFdKtGlRosxHAU1UpFpFAucC6quwlPCKtjXiO9xgbsbtI6PjjtoJ_2Tf8k5qUYL53Ls4VCbEXEem2wWr_Gq21w-oD4NQ/s320/rhubarb_produce_market.jpg
https://www.rhubarbinfo.com/2020/03/rhubarb-chicken-recipes.html	https://blogger.googleusercontent.com/img/b/R29vZ2xl/AVvXsEhtVNO_fNImrQEdrNIgJJnJRBLYYAJ8YrRnueXKpP9H-0R0rCyFs00C2uUQ1HqG2pBxd9w-mJxHfAl9X52LQl1xVKSHmC0y7duwQkXea0EVKRZOKl4y6Jx5Ncz47ZBR1gSgjzLkiyj-ja4/s320/food_rhubarb_chicken.jpg
https://www.rhubarbinfo.com/2020/03/rhubarb-cobbler-recipes.html	https://blogger.googleusercontent.com/img/b/R29vZ2xl/AVvXsEjQbkPoUp2F5ZLbVtj8R_Al5wE68OuZinDRKXfLu-yHb_vaYJjPgdodDAEGwBp_ZkFKfi7x0QnHPem1-iqtNLr96ZZ63WV-QvlwJxwq9YveQtHblLBApve5U0rz2Of26PyCMSm6yhPOMog/s320/food_rhubarb_crumble.jpg
https://www.rhubarbinfo.com/2020/03/rhubarb-cookie-recipes.html	https://blogger.googleusercontent.com/img/b/R29vZ2xl/AVvXsEgK-T8reoaE1ljMIIe4kWoq8uvRBWx2EYlOf6lPmekd6YC1ZdQk3f0msk9fCnMUnq8oTBfiaa4UAdYgtJiptqxJsC77qCpl412nMRvNxwHi1Ba2qZ02PLVjs41WjqVFx4zSDJCfDwew0g4/s320/rhubarb_produce_market.jpg
https://www.rhubarbinfo.com/2020/03/rhubarb-dessert-recipes.html	https://blogger.googleusercontent.com/img/b/R29vZ2xl/AVvXsEh1w7JLytssITU-tqd9L6Jzmy4fVSaxRrjhZzu13GDkNggNWywVxl4Hr_ssOxbYMEzRwqUCryrAlRpuBsokGQhlyy7rCXloSXVLeVF_5DAWJNja73cB4l2UKTwBNoO-82f8ltWJadhtLS4/s320/food_rhubarb_dessert.jpg
https://www.rhubarbinfo.com/2020/03/rhubarb-fish-recipes.html	https://blogger.googleusercontent.com/img/b/R29vZ2xl/AVvXsEjusdq1xaKM0d9N-LIE289kmiJhvRUHWsfz0FC5e6pM3XCoXPnTFIw-nN0hVuJ2DSaHon4RMdgmDyFSV4ravt5J1ioxAwtMUuDJOySsFfTQk1RbrvxZ0OPJu5acVdiPVAhjG6NWfXYnRzE/s320/rhubarb_produce_market.jpg
https://www.rhubarbinfo.com/2020/03/rhubarb-muffin-recipes.html	https://blogger.googleusercontent.com/img/b/R29vZ2xl/AVvXsEjCQdxR7deziVA-ajoDOrvmwikkBwzAMzji11GGW0UCf2Dk9oZzlke6WFrDRd3IR_rbc80jyOp6_jPW6Y0S3KupXP_2OBzNReVpuLpKPgINGyXsI_3qJ3fl8MGKRi7cm6JIap3U9lDXISE/s1600/food_rhubarb_muffins.jpg
https://www.rhubarbinfo.com/2020/03/rhubarb-pickle-recipes.html	https://blogger.googleusercontent.com/img/b/R29vZ2xl/AVvXsEhEEao2pAIFVp0SkSpjUfLdoMSc37iysk794zRR7FfYiKeKWXHpnMWTWedEsoqv-4Fxpx16RJE8IKfCGl_qqp6Tbbn49mKlB6bkfAjfg1tBQDaqIi67yU33WnsmqP66uEnfcLfl6lQ0l1Y/s1600/rhubarb_produce_market.jpg
https://www.rhubarbinfo.com/2020/03/rhubarb-sauce-recipes.html	https://blogger.googleusercontent.com/img/b/R29vZ2xl/AVvXsEg5FidzJNzc95N3_aIYo_jB5Dru91oOtKQ7Jl1EOgEXyYG34RV6579lCRII3S-_hM_UAWMWYVvZEilYLALGAc6zYd7TjP0voytAw2PB7UocuG85Pxrr8AiKdpxDIhmzSfb9Qsqc0R5Kkr0/s320/rhubarb_produce_market.jpg
http://www.rhubarbinfo.com/403	http://www.rhubarbinfo.com/files/icons/emoticon_tongue.png
http://www.rhubarbinfo.com/404	http://www.rhubarbinfo.com/files/icons/emoticon_tongue.png
http://www.rhubarbinfo.com:80/about	http://i.creativecommons.org/l/by-sa/3.0/us/88x31.png
http://www.rhubarbinfo.com:80/about	http://www.rhubarbinfo.com:80/sites/all/modules/spamspan/image.gif
http://www.rhubarbinfo.com:80/aphids_under_rhubarb	http://www.rhubarbinfo.com/files/images/aphids_under_leaf.preview.png
http://rhubarbinfo.com/assorted_rhubarb_stalks	http://www.rhubarbinfo.com/files/images/rhubarb_stalks_assorted.preview.jpg
http://rhubarbinfo.com/background_image	http://www.rhubarbinfo.com/files/images/stalks_original.preview.png
http://www.rhubarbinfo.com:80/bar	http://www.rhubarbinfo.com:80/files/images/RhubarbCoffeeCake.jpg
http://www.rhubarbinfo.com:80/bar	http://www.rhubarbinfo.com:80/files/icons/camera_small.png
http://www.rhubarbinfo.com:80/bars	http://www.rhubarbinfo.com:80/files/images/RhubarbCoffeeCake.jpg
http://www.rhubarbinfo.com:80/bars	http://www.rhubarbinfo.com:80/files/icons/camera_small.png
http://rhubarbinfo.com/beetle_on_rhubarb	http://www.rhubarbinfo.com/files/images/rhubarb_beetle.preview.png
http://rhubarbinfo.com/black_bass_wth_rhubarb_sauce	http://rhubarbinfo.com/mini/ccbysa.png
http://www.rhubarbinfo.com:80/book/export/html/124	http://www.rhubarbinfo.com:80/files/images/RhubarbCoffeeCake.jpg
http://www.rhubarbinfo.com:80/book/export/html/124	http://www.rhubarbinfo.com:80/files/icons/camera_small.png
http://www.rhubarbinfo.com/book/export/html/5	http://www.rhubarbinfo.com/files/images/rhubarb_stalks_assorted.jpg
http://www.rhubarbinfo.com/book/export/html/5	http://www.rhubarbinfo.com/files/icons/camera_small.png
http://www.rhubarbinfo.com:80/botanical	http://www.rhubarbinfo.com:80/files/images/emerging_flower.png
http://www.rhubarbinfo.com:80/botanical	http://www.rhubarbinfo.com:80/files/icons/camera_small.png
http://www.rhubarbinfo.com:80/botanical	http://www.rhubarbinfo.com:80/files/images/barbcomposit_with_labels.png
http://rhubarbinfo.com/candied_dried_rhubarb	http://rhubarbinfo.com/mini/ccbysa.png
http://rhubarbinfo.com/cherryred_rhuarb_plant	http://www.rhubarbinfo.com/files/images/rhubarb_cherryred_plant.preview.png
http://www.rhubarbinfo.com:80/composting	http://www.rhubarbinfo.com:80/files/images/CompostBin.jpg
http://www.rhubarbinfo.com:80/composting	http://www.rhubarbinfo.com:80/files/icons/camera_small.png
http://www.rhubarbinfo.com:80/content/rhubarb-bars	http://www.rhubarbinfo.com:80/files/images/RhubarbCoffeeCake.jpg
http://www.rhubarbinfo.com:80/content/rhubarb-bars	http://www.rhubarbinfo.com:80/files/icons/camera_small.png
http://rhubarbinfo.com:80/content/rhubarb-varieties	http://rhubarbinfo.com:80/files/images/rhubarb_stalks_assorted.jpg
http://rhubarbinfo.com:80/content/rhubarb-varieties	http://rhubarbinfo.com:80/files/icons/camera_small.png
http://www.rhubarbinfo.com:80/culinary	http://www.rhubarbinfo.com:80/files/images/ProduceMarketWithRhubarb.jpg
http://www.rhubarbinfo.com:80/culinary	http://www.rhubarbinfo.com:80/files/icons/camera_small.png
http://www.rhubarbinfo.com:80/culinary	http://www.rhubarbinfo.com:80/sites/all/modules/spamspan/image.gif
http://www.rhubarbinfo.com:80/emerging_rhubarb_flower	http://www.rhubarbinfo.com:80/sites/all/modules/spamspan/image.gif
http://www.rhubarbinfo.com:80/forcing	http://www.rhubarbinfo.com:80/files/images/goliath_forced.png
http://www.rhubarbinfo.com:80/forcing	http://www.rhubarbinfo.com:80/files/icons/camera_small.png
http://www.rhubarbinfo.com:80/forcing	http://www.rhubarbinfo.com:80/files/images/3505388160_bbd43aef44.jpg
http://www.rhubarbinfo.com:80/forcing	http://www.rhubarbinfo.com:80/files/icons/camera_small.png
http://www.rhubarbinfo.com:80/fromseed	http://www.rhubarbinfo.com:80/files/images/rhubarb_seeds.png
http://www.rhubarbinfo.com:80/fromseed	http://www.rhubarbinfo.com:80/files/icons/camera_small.png
http://rhubarbinfo.com/frozen_rhubarb	http://www.rhubarbinfo.com/files/images/rhubarb_frozen.preview.png
http://rhubarbinfo.com/goliath_rhubarb_stalks	http://www.rhubarbinfo.com/files/images/goliath_forced.preview.png
http://rhubarbinfo.com/grilled_chicken_with_rhubarb_sauce	http://rhubarbinfo.com/mini/ccbysa.png
http://www.rhubarbinfo.com:80/growing	http://www.rhubarbinfo.com:80/files/images/rhubarb_in_manure_0.png
http://www.rhubarbinfo.com:80/growing	http://www.rhubarbinfo.com:80/files/icons/camera_small.png
http://www.rhubarbinfo.com:80/history	http://www.rhubarbinfo.com:80/files/images/rheum_palmatum.<font style='color:black; background-color:Yellow;'><font style='color:black; background-color:Yellow;'>png</font></font>
http://www.rhubarbinfo.com:80/history	http://www.rhubarbinfo.com:80/files/icons/camera_small.<font style='color:black; background-color:Yellow;'><font style='color:black; background-color:Yellow;'>png</font></font>
http://www.rhubarbinfo.com/home	http://www.rhubarbinfo.com/images/plant.png
http://www.rhubarbinfo.com/home	http://www.rhubarbinfo.com/mini/bookstack01.png
http://www.rhubarbinfo.com/home	http://www.rhubarbinfo.com/mini/bookstack02.png
http://www.rhubarbinfo.com/home	http://www.rhubarbinfo.com/mini/leaf.png
http://www.rhubarbinfo.com/home	http://www.rhubarbinfo.com/sites/all/modules/spamspan/image.gif
http://rhubarbinfo.com/image	http://rhubarbinfo.com/files/images/cafepress_example.png
http://rhubarbinfo.com/image	http://www4.clustrmaps.com/counter/index2.php?url=http://rhubarbinfo.com/
http://rhubarbinfo.com/image	http://www.rhubarbinfo.com/files/images/3942726627_068fd69917_b.thumbnail.jpg
http://rhubarbinfo.com/image/tid/85	http://rhubarbinfo.com/files/images/cafepress_example.png
http://rhubarbinfo.com/image/tid/85	http://www4.clustrmaps.com/counter/index2.php?url=http://rhubarbinfo.com/
http://rhubarbinfo.com/image/tid/85	http://www.rhubarbinfo.com/files/images/aphids_under_leaf.thumbnail.png
http://rhubarbinfo.com/image/tid/85	http://www.rhubarbinfo.com/files/images/4623685657_54ab044494.thumbnail.jpg
http://rhubarbinfo.com/image/tid/85	http://www.rhubarbinfo.com/files/images/rhubarb_stalks_assorted.thumbnail.jpg
http://rhubarbinfo.com/image/tid/85	http://www.rhubarbinfo.com/files/images/stalks_original.thumbnail.png
http://rhubarbinfo.com/image/tid/85	http://www.rhubarbinfo.com/files/images/rhubarb_beetle.thumbnail.png
http://rhubarbinfo.com/image/tid/85	http://www.rhubarbinfo.com/files/images/2516946444_2e17116b11.thumbnail.jpg
http://rhubarbinfo.com/image/tid/85	http://www.rhubarbinfo.com/files/images/dock_plant.thumbnail.png
http://rhubarbinfo.com/image/tid/85	http://www.rhubarbinfo.com/files/images/cafepress_example_0.thumbnail.png
http://rhubarbinfo.com/image/tid/85	http://www.rhubarbinfo.com/files/images/1718649686_ac9af1a565.thumbnail.jpg
http://rhubarbinfo.com/image/tid/85	http://www.rhubarbinfo.com/files/images/rhubarb_cherryred_plant.thumbnail.png
http://rhubarbinfo.com/image/tid/85	http://www.rhubarbinfo.com/files/images/CompostBin.thumbnail.jpg
http://rhubarbinfo.com/image/tid/85	http://www.rhubarbinfo.com/files/images/rhubarb_cubed.thumbnail.png
http://rhubarbinfo.com/image/tid/85	http://www.rhubarbinfo.com/files/images/dry_rhubarb_soda.thumbnail.png
http://rhubarbinfo.com/image/tid/85	http://www.rhubarbinfo.com/files/images/earwigs_in_flowerstalk.thumbnail.jpg
http://rhubarbinfo.com/image/tid/85	http://www.rhubarbinfo.com/files/images/emerging_flower.thumbnail.png
http://rhubarbinfo.com/image/tid/85	http://www.rhubarbinfo.com/files/images/rhubarb_frozen.thumbnail.png
http://rhubarbinfo.com/image/tid/85	http://www.rhubarbinfo.com/files/images/goliath_forced.thumbnail.png
http://rhubarbinfo.com/image/tid/85	http://www.rhubarbinfo.com/files/images/3563540826_6385cd6999_o.thumbnail.jpg
http://rhubarbinfo.com/image/tid/85	http://www.rhubarbinfo.com/files/images/4347479130_88f666c036_b.thumbnail.jpg
http://rhubarbinfo.com/image/tid/85	http://www.rhubarbinfo.com/files/images/rhubarb_flower_cut.thumbnail.png
http://www.rhubarbinfo.com:80/images/	http://www.rhubarbinfo.com:80/icons/blank.gif
http://www.rhubarbinfo.com:80/images/	http://www.rhubarbinfo.com:80/icons/back.gif
http://www.rhubarbinfo.com:80/images/	http://www.rhubarbinfo.com:80/icons/image2.gif
http://www.rhubarbinfo.com:80/images/	http://www.rhubarbinfo.com:80/icons/image2.gif
http://www.rhubarbinfo.com:80/images/	http://www.rhubarbinfo.com:80/icons/image2.gif
http://www.rhubarbinfo.com:80/images/	http://www.rhubarbinfo.com:80/icons/image2.gif
http://www.rhubarbinfo.com:80/images/	http://www.rhubarbinfo.com:80/icons/image2.gif
http://www.rhubarbinfo.com:80/images/	http://www.rhubarbinfo.com:80/icons/image2.gif
http://www.rhubarbinfo.com:80/images/	http://www.rhubarbinfo.com:80/icons/image2.gif
http://www.rhubarbinfo.com:80/images/	http://www.rhubarbinfo.com:80/icons/image2.gif
http://www.rhubarbinfo.com:80/images/	http://www.rhubarbinfo.com:80/icons/image2.gif
http://www.rhubarbinfo.com:80/images/	http://www.rhubarbinfo.com:80/icons/image2.gif
http://www.rhubarbinfo.com:80/images/	http://www.rhubarbinfo.com:80/icons/image2.gif
http://www.rhubarbinfo.com:80/images/	http://www.rhubarbinfo.com:80/icons/image2.gif
http://www.rhubarbinfo.com:80/images/	http://www.rhubarbinfo.com:80/icons/image2.gif
http://www.rhubarbinfo.com:80/images/	http://www.rhubarbinfo.com:80/icons/image2.gif
http://www.rhubarbinfo.com:80/images/	http://www.rhubarbinfo.com:80/icons/image2.gif
http://www.rhubarbinfo.com:80/images/	http://www.rhubarbinfo.com:80/icons/image2.gif
http://www.rhubarbinfo.com:80/images/	http://www.rhubarbinfo.com:80/icons/image2.gif
http://www.rhubarbinfo.com:80/images/	http://www.rhubarbinfo.com:80/icons/image2.gif
http://www.rhubarbinfo.com:80/images/	http://www.rhubarbinfo.com:80/icons/image2.gif
http://www.rhubarbinfo.com:80/images/	http://www.rhubarbinfo.com:80/icons/image2.gif
http://www.rhubarbinfo.com:80/images/	http://www.rhubarbinfo.com:80/icons/image2.gif
http://www.rhubarbinfo.com:80/images/	http://www.rhubarbinfo.com:80/icons/image2.gif
http://www.rhubarbinfo.com:80/images/	http://www.rhubarbinfo.com:80/icons/image2.gif
http://www.rhubarbinfo.com:80/images/	http://www.rhubarbinfo.com:80/icons/image2.gif
http://www.rhubarbinfo.com:80/images/	http://www.rhubarbinfo.com:80/icons/image2.gif
http://www.rhubarbinfo.com:80/images/	http://www.rhubarbinfo.com:80/icons/image2.gif
http://www.rhubarbinfo.com:80/images/	http://www.rhubarbinfo.com:80/icons/image2.gif
http://www.rhubarbinfo.com:80/images/	http://www.rhubarbinfo.com:80/icons/image2.gif
http://www.rhubarbinfo.com:80/images/	http://www.rhubarbinfo.com:80/icons/image2.gif
http://www.rhubarbinfo.com:80/images/	http://www.rhubarbinfo.com:80/icons/image2.gif
http://www.rhubarbinfo.com:80/images/	http://www.rhubarbinfo.com:80/icons/image2.gif
http://www.rhubarbinfo.com:80/images/	http://www.rhubarbinfo.com:80/icons/image2.gif
http://www.rhubarbinfo.com:80/images/	http://www.rhubarbinfo.com:80/icons/image2.gif
http://www.rhubarbinfo.com:80/images/	http://www.rhubarbinfo.com:80/icons/image2.gif
http://www.rhubarbinfo.com:80/images/	http://www.rhubarbinfo.com:80/icons/image2.gif
http://www.rhubarbinfo.com:80/images/	http://www.rhubarbinfo.com:80/icons/image2.gif
http://www.rhubarbinfo.com:80/images/	http://www.rhubarbinfo.com:80/icons/image2.gif
http://www.rhubarbinfo.com:80/images/	http://www.rhubarbinfo.com:80/icons/image2.gif
http://www.rhubarbinfo.com:80/images/	http://www.rhubarbinfo.com:80/icons/image2.gif
http://www.rhubarbinfo.com:80/images/	http://www.rhubarbinfo.com:80/icons/image2.gif
http://www.rhubarbinfo.com:80/images/	http://www.rhubarbinfo.com:80/icons/image2.gif
http://www.rhubarbinfo.com:80/images/	http://www.rhubarbinfo.com:80/icons/image2.gif
http://www.rhubarbinfo.com:80/images/	http://www.rhubarbinfo.com:80/icons/image2.gif
http://www.rhubarbinfo.com:80/images/	http://www.rhubarbinfo.com:80/icons/image2.gif
http://www.rhubarbinfo.com:80/images/	http://www.rhubarbinfo.com:80/icons/image2.gif
http://www.rhubarbinfo.com:80/images/	http://www.rhubarbinfo.com:80/icons/image2.gif
http://www.rhubarbinfo.com:80/images/	http://www.rhubarbinfo.com:80/icons/image2.gif
http://www.rhubarbinfo.com:80/images/	http://www.rhubarbinfo.com:80/icons/image2.gif
http://www.rhubarbinfo.com:80/images/	http://www.rhubarbinfo.com:80/icons/image2.gif
http://www.rhubarbinfo.com:80/images/	http://www.rhubarbinfo.com:80/icons/image2.gif
http://www.rhubarbinfo.com:80/images/	http://www.rhubarbinfo.com:80/icons/image2.gif
http://www.rhubarbinfo.com:80/images/	http://www.rhubarbinfo.com:80/icons/image2.gif
http://www.rhubarbinfo.com:80/images/	http://www.rhubarbinfo.com:80/icons/image2.gif
http://www.rhubarbinfo.com:80/images/	http://www.rhubarbinfo.com:80/icons/image2.gif
http://www.rhubarbinfo.com:80/images/	http://www.rhubarbinfo.com:80/icons/image2.gif
http://www.rhubarbinfo.com:80/images/	http://www.rhubarbinfo.com:80/icons/image2.gif
http://www.rhubarbinfo.com:80/images/	http://www.rhubarbinfo.com:80/icons/image2.gif
http://www.rhubarbinfo.com:80/images/	http://www.rhubarbinfo.com:80/icons/image2.gif
http://www.rhubarbinfo.com:80/images/	http://www.rhubarbinfo.com:80/icons/image2.gif
http://www.rhubarbinfo.com:80/images/	http://www.rhubarbinfo.com:80/icons/image2.gif
http://www.rhubarbinfo.com:80/images/	http://www.rhubarbinfo.com:80/icons/image2.gif
http://www.rhubarbinfo.com:80/images/	http://www.rhubarbinfo.com:80/icons/image2.gif
http://www.rhubarbinfo.com:80/images/	http://www.rhubarbinfo.com:80/icons/image2.gif
http://www.rhubarbinfo.com:80/images/	http://www.rhubarbinfo.com:80/icons/image2.gif
http://www.rhubarbinfo.com:80/images/	http://www.rhubarbinfo.com:80/icons/image2.gif
http://www.rhubarbinfo.com:80/images/	http://www.rhubarbinfo.com:80/icons/image2.gif
http://www.rhubarbinfo.com:80/images/	http://www.rhubarbinfo.com:80/icons/image2.gif
http://www.rhubarbinfo.com:80/images/	http://www.rhubarbinfo.com:80/icons/image2.gif
http://www.rhubarbinfo.com:80/images/	http://www.rhubarbinfo.com:80/icons/image2.gif
http://www.rhubarbinfo.com:80/images/	http://www.rhubarbinfo.com:80/icons/image2.gif
http://www.rhubarbinfo.com:80/images/	http://www.rhubarbinfo.com:80/icons/image2.gif
http://www.rhubarbinfo.com:80/images/	http://www.rhubarbinfo.com:80/icons/image2.gif
http://www.rhubarbinfo.com:80/images/	http://www.rhubarbinfo.com:80/icons/image2.gif
http://www.rhubarbinfo.com:80/images/	http://www.rhubarbinfo.com:80/icons/image2.gif
http://www.rhubarbinfo.com:80/images/	http://www.rhubarbinfo.com:80/icons/image2.gif
http://www.rhubarbinfo.com:80/images/	http://www.rhubarbinfo.com:80/icons/image2.gif
http://www.rhubarbinfo.com:80/images/	http://www.rhubarbinfo.com:80/icons/image2.gif
http://www.rhubarbinfo.com:80/images/	http://www.rhubarbinfo.com:80/icons/image2.gif
http://www.rhubarbinfo.com:80/images/	http://www.rhubarbinfo.com:80/icons/image2.gif
http://www.rhubarbinfo.com:80/images/	http://www.rhubarbinfo.com:80/icons/image2.gif
http://www.rhubarbinfo.com:80/images/	http://www.rhubarbinfo.com:80/icons/image2.gif
http://www.rhubarbinfo.com:80/images/	http://www.rhubarbinfo.com:80/icons/image2.gif
http://www.rhubarbinfo.com:80/images/	http://www.rhubarbinfo.com:80/icons/image2.gif
http://www.rhubarbinfo.com:80/images/	http://www.rhubarbinfo.com:80/icons/image2.gif
http://www.rhubarbinfo.com:80/images/	http://www.rhubarbinfo.com:80/icons/image2.gif
http://www.rhubarbinfo.com:80/images/	http://www.rhubarbinfo.com:80/icons/image2.gif
http://www.rhubarbinfo.com:80/images/	http://www.rhubarbinfo.com:80/icons/image2.gif
http://www.rhubarbinfo.com:80/images/	http://www.rhubarbinfo.com:80/icons/image2.gif
http://www.rhubarbinfo.com:80/images/	http://www.rhubarbinfo.com:80/icons/image2.gif
http://www.rhubarbinfo.com:80/images/	http://www.rhubarbinfo.com:80/icons/image2.gif
http://www.rhubarbinfo.com:80/images/	http://www.rhubarbinfo.com:80/icons/image2.gif
http://www.rhubarbinfo.com:80/images/	http://www.rhubarbinfo.com:80/icons/image2.gif
http://www.rhubarbinfo.com:80/images/	http://www.rhubarbinfo.com:80/icons/image2.gif
http://www.rhubarbinfo.com./	http://www.rhubarbinfo.com./images/plant.png
http://www.rhubarbinfo.com./	http://www.rhubarbinfo.com./mini/bookstack01.png
http://www.rhubarbinfo.com./	http://www.rhubarbinfo.com./mini/bookstack02.png
http://www.rhubarbinfo.com./	http://www.rhubarbinfo.com./mini/leaf.png
http://www.rhubarbinfo.com./	http://www.rhubarbinfo.com./sites/all/modules/spamspan/image.gif
http://rhubarbinfo.com/inside_rhubarb_flower_bud	http://rhubarbinfo.com/sites/all/modules/spamspan/image.gif
http://rhubarbinfo.com/macdonald_rhubarb_plant	http://rhubarbinfo.com/sites/all/modules/spamspan/image.gif
http://www.rhubarbinfo.com:80/maincontents	http://www.rhubarbinfo.com:80/images/plant.png
http://www.rhubarbinfo.com:80/maincontents	http://www.rhubarbinfo.com:80/mini/history.png
http://www.rhubarbinfo.com:80/maincontents	http://www.rhubarbinfo.com:80/mini/sprout.png
http://www.rhubarbinfo.com:80/maincontents	http://www.rhubarbinfo.com:80/mini/lettuce.png
http://www.rhubarbinfo.com:80/maincontents	http://www.rhubarbinfo.com:80/mini/snowflake.png
http://www.rhubarbinfo.com:80/maincontents	http://www.rhubarbinfo.com:80/mini/hierarchy.png
http://www.rhubarbinfo.com:80/maincontents	http://www.rhubarbinfo.com:80/mini/pot.png
http://www.rhubarbinfo.com:80/maincontents	http://www.rhubarbinfo.com:80/mini/red_green.png
http://www.rhubarbinfo.com:80/maincontents	http://www.rhubarbinfo.com:80/mini/flower.png
http://www.rhubarbinfo.com:80/maincontents	http://www.rhubarbinfo.com:80/mini/bonsai.png
http://www.rhubarbinfo.com:80/maincontents	http://www.rhubarbinfo.com:80/mini/seeds.png
http://www.rhubarbinfo.com:80/maincontents	http://www.rhubarbinfo.com:80/mini/package.png
http://www.rhubarbinfo.com:80/maincontents	http://www.rhubarbinfo.com:80/mini/sack.png
http://www.rhubarbinfo.com:80/maincontents	http://www.rhubarbinfo.com:80/mini/compass.png
http://www.rhubarbinfo.com:80/maincontents	http://www.rhubarbinfo.com:80/mini/medicine.png
http://www.rhubarbinfo.com:80/maincontents	http://www.rhubarbinfo.com:80/mini/kitchen.png
http://www.rhubarbinfo.com:80/maincontents	http://www.rhubarbinfo.com:80/mini/question.png
http://www.rhubarbinfo.com:80/maincontents	http://www.rhubarbinfo.com:80/mini/health.png
http://www.rhubarbinfo.com:80/maincontents	http://www.rhubarbinfo.com:80/mini/crossbones.png
http://www.rhubarbinfo.com:80/medicinal	http://www.rhubarbinfo.com:80/files/images/honesty-image.jpg
http://www.rhubarbinfo.com:80/medicinal	http://www.rhubarbinfo.com:80/files/images/TeaRHUBARBcream.jpg
http://rhubarbinfo.com/more_cut_rhubarb	http://rhubarbinfo.com/sites/all/modules/spamspan/image.gif
http://rhubarbinfo.com:80/muffin	http://rhubarbinfo.com:80/files/images/RhubarbMuffins.jpg
http://rhubarbinfo.com:80/muffin	http://rhubarbinfo.com:80/files/icons/camera_small.png
http://www.rhubarbinfo.com:80/muffins	http://www.rhubarbinfo.com:80/files/images/RhubarbMuffins.jpg
http://www.rhubarbinfo.com:80/muffins	http://www.rhubarbinfo.com:80/files/icons/camera_small.png
http://www.rhubarbinfo.com:80/node/1875/votes	http://www.rhubarbinfo.com/misc/arrow-asc.png
http://www.rhubarbinfo.com/node/198	http://www.rhubarbinfo.com/sites/all/modules/spamspan/image.gif
http://www.rhubarbinfo.com/node/229	http://www.rhubarbinfo.com/images/plant.png
http://www.rhubarbinfo.com/node/229	http://www.rhubarbinfo.com/mini/history.png
http://www.rhubarbinfo.com/node/229	http://www.rhubarbinfo.com/mini/sprout.png
http://www.rhubarbinfo.com/node/229	http://www.rhubarbinfo.com/mini/lettuce.png
http://www.rhubarbinfo.com/node/229	http://www.rhubarbinfo.com/mini/snowflake.png
http://www.rhubarbinfo.com/node/229	http://www.rhubarbinfo.com/mini/hierarchy.png
http://www.rhubarbinfo.com/node/229	http://www.rhubarbinfo.com/mini/pot.png
http://www.rhubarbinfo.com/node/229	http://www.rhubarbinfo.com/mini/red_green.png
http://www.rhubarbinfo.com/node/229	http://www.rhubarbinfo.com/mini/flower.png
http://www.rhubarbinfo.com/node/229	http://www.rhubarbinfo.com/mini/bonsai.png
http://www.rhubarbinfo.com/node/229	http://www.rhubarbinfo.com/mini/seeds.png
http://www.rhubarbinfo.com/node/229	http://www.rhubarbinfo.com/mini/package.png
http://www.rhubarbinfo.com/node/229	http://www.rhubarbinfo.com/mini/sack.png
http://www.rhubarbinfo.com/node/229	http://www.rhubarbinfo.com/mini/compass.png
http://www.rhubarbinfo.com/node/229	http://www.rhubarbinfo.com/mini/medicine.png
http://www.rhubarbinfo.com/node/229	http://www.rhubarbinfo.com/mini/kitchen.png
http://www.rhubarbinfo.com/node/229	http://www.rhubarbinfo.com/mini/question.png
http://www.rhubarbinfo.com/node/229	http://www.rhubarbinfo.com/mini/health.png
http://www.rhubarbinfo.com/node/229	http://www.rhubarbinfo.com/mini/crossbones.png
http://www.rhubarbinfo.com:80/node/231	http://www.rhubarbinfo.com:80/files/images/emerging_flower.png
http://www.rhubarbinfo.com:80/node/231	http://www.rhubarbinfo.com:80/files/icons/camera_small.png
http://www.rhubarbinfo.com:80/node/231	http://www.rhubarbinfo.com:80/files/images/barbcomposit_with_labels.png
http://www.rhubarbinfo.com:80/node/234	http://www.rhubarbinfo.com:80/files/images/dock_plant.png
http://www.rhubarbinfo.com:80/node/234	http://www.rhubarbinfo.com:80/files/icons/camera_small.png
http://www.rhubarbinfo.com:80/node/234	http://www.rhubarbinfo.com:80/files/images/4347479130_88f666c036_b.jpg
http://www.rhubarbinfo.com:80/node/234	http://www.rhubarbinfo.com:80/files/icons/camera_small.png
http://www.rhubarbinfo.com:80/node/235	http://www.rhubarbinfo.com:80/files/images/rheum_palmatum.<font style='color:black; background-color:Yellow;'><font style='color:black; background-color:Yellow;'>png</font></font>
http://www.rhubarbinfo.com:80/node/235	http://www.rhubarbinfo.com:80/files/icons/camera_small.<font style='color:black; background-color:Yellow;'><font style='color:black; background-color:Yellow;'>png</font></font>
http://www.rhubarbinfo.com/node/236	http://www.rhubarbinfo.com/files/icons/emoticon_unhappy.png
http://www.rhubarbinfo.com/node/236	http://www.rhubarbinfo.com/mini/thumbup.png
http://www.rhubarbinfo.com/node/236	http://www.rhubarbinfo.com/mini/thumbup.png
http://www.rhubarbinfo.com/node/236	http://www.rhubarbinfo.com/mini/thumbup.png
http://www.rhubarbinfo.com/node/236	http://www.rhubarbinfo.com/mini/thumbup.png
http://www.rhubarbinfo.com/node/236	http://www.rhubarbinfo.com/mini/thumbup.png
http://www.rhubarbinfo.com/node/236	http://www.rhubarbinfo.com/mini/thumbup.png
http://www.rhubarbinfo.com/node/236	http://www.rhubarbinfo.com/mini/thumbup.png
http://www.rhubarbinfo.com/node/236	http://www.rhubarbinfo.com/mini/thumbup.png
http://www.rhubarbinfo.com/node/236	http://www.rhubarbinfo.com/mini/thumbup.png
http://www.rhubarbinfo.com/node/236	http://www.rhubarbinfo.com/mini/thumbup.png
http://www.rhubarbinfo.com/node/236	http://www.rhubarbinfo.com/mini/thumbup.png
http://www.rhubarbinfo.com/node/236	http://www.rhubarbinfo.com/mini/thumbup.png
http://www.rhubarbinfo.com/node/236	http://www.rhubarbinfo.com/mini/thumbup.png
http://www.rhubarbinfo.com/node/236	http://www.rhubarbinfo.com/mini/thumbup.png
http://www.rhubarbinfo.com/node/236	http://www.rhubarbinfo.com/mini/thumbup.png
http://www.rhubarbinfo.com/node/236	http://www.rhubarbinfo.com/mini/thumbup.png
http://www.rhubarbinfo.com/node/236	http://www.rhubarbinfo.com/mini/thumbup.png
http://www.rhubarbinfo.com/node/236	http://www.rhubarbinfo.com/mini/thumbup.png
http://www.rhubarbinfo.com/node/236	http://www.rhubarbinfo.com/mini/thumbup.png
http://www.rhubarbinfo.com/node/236	http://www.rhubarbinfo.com/mini/thumbup.png
http://www.rhubarbinfo.com:80/node/237	http://www.rhubarbinfo.com:80/files/images/rhubarb_in_manure_0.png
http://www.rhubarbinfo.com:80/node/237	http://www.rhubarbinfo.com:80/files/icons/camera_small.png
http://www.rhubarbinfo.com:80/node/238	http://www.rhubarbinfo.com:80/files/images/rhubarb_plant_victoria.png
http://www.rhubarbinfo.com:80/node/238	http://www.rhubarbinfo.com:80/files/icons/camera_small.png
http://www.rhubarbinfo.com:80/node/238	http://www.rhubarbinfo.com:80/files/images/rhubarb_spring_growth.png
http://www.rhubarbinfo.com:80/node/238	http://www.rhubarbinfo.com:80/files/icons/camera_small.png
http://www.rhubarbinfo.com:80/node/238	http://www.rhubarbinfo.com:80/files/images/rhubarb_roots.png
http://www.rhubarbinfo.com:80/node/238	http://www.rhubarbinfo.com:80/files/icons/camera_small.png
http://rhubarbinfo.com/node/239	http://rhubarbinfo.com/files/images/goliath_forced.png
http://rhubarbinfo.com/node/239	http://rhubarbinfo.com/files/icons/camera_small.png
http://rhubarbinfo.com/node/239	http://rhubarbinfo.com/files/images/3505388160_bbd43aef44.jpg
http://rhubarbinfo.com/node/239	http://rhubarbinfo.com/files/icons/camera_small.png
http://rhubarbinfo.com/node/242	http://rhubarbinfo.com/files/images/4698212958_fd1dc860d1.jpg
http://rhubarbinfo.com/node/242	http://rhubarbinfo.com/files/icons/camera_small.png
http://www.rhubarbinfo.com/node/243	http://www.rhubarbinfo.com/files/images/RedRhubarbStalks.jpg
http://www.rhubarbinfo.com/node/243	http://www.rhubarbinfo.com/files/icons/camera_small.png
http://rhubarbinfo.com/node/244	http://rhubarbinfo.com/sites/all/modules/spamspan/image.gif
http://rhubarbinfo.com/node/244	http://rhubarbinfo.com/sites/all/modules/spamspan/image.gif
http://rhubarbinfo.com/node/244	http://rhubarbinfo.com/sites/all/modules/spamspan/image.gif
http://rhubarbinfo.com/node/244	http://rhubarbinfo.com/sites/all/modules/spamspan/image.gif
http://www.rhubarbinfo.com:80/node/245	http://www.rhubarbinfo.com:80/files/images/oxalicacid.png
http://www.rhubarbinfo.com:80/node/245	http://www.rhubarbinfo.com:80/sites/all/modules/spamspan/image.gif
http://www.rhubarbinfo.com:80/node/245	http://www.rhubarbinfo.com:80/sites/all/modules/spamspan/image.gif
http://www.rhubarbinfo.com:80/node/245	http://www.rhubarbinfo.com:80/sites/all/modules/spamspan/image.gif
http://www.rhubarbinfo.com:80/node/245	http://www.rhubarbinfo.com:80/sites/all/modules/spamspan/image.gif
http://www.rhubarbinfo.com:80/node/246	http://i.creativecommons.org/l/by-sa/3.0/us/88x31.png
http://www.rhubarbinfo.com:80/node/246	http://www.rhubarbinfo.com:80/sites/all/modules/spamspan/image.gif
http://rhubarbinfo.com:80/node/247	http://rhubarbinfo.com:80/sites/all/modules/spamspan/image.gif
http://rhubarbinfo.com:80/node/247	http://rhubarbinfo.com:80/mini/chocolate.png
http://rhubarbinfo.com:80/node/247	http://rhubarbinfo.com:80/mini/muffin.png
http://rhubarbinfo.com:80/node/247	http://rhubarbinfo.com:80/mini/bread.png
http://rhubarbinfo.com:80/node/247	http://rhubarbinfo.com:80/mini/pickles.png
http://rhubarbinfo.com:80/node/247	http://rhubarbinfo.com:80/files/icons/new.png
http://rhubarbinfo.com:80/node/247	http://rhubarbinfo.com:80/mini/breadmachine.png
http://rhubarbinfo.com:80/node/247	http://rhubarbinfo.com:80/files/icons/wrench.png
http://rhubarbinfo.com:80/node/247	http://rhubarbinfo.com:80/mini/pie.png
http://rhubarbinfo.com:80/node/247	http://rhubarbinfo.com:80/mini/cake.png
http://rhubarbinfo.com:80/node/247	http://rhubarbinfo.com:80/mini/ham2.png
http://rhubarbinfo.com:80/node/247	http://rhubarbinfo.com:80/files/icons/new.png
http://rhubarbinfo.com:80/node/247	http://rhubarbinfo.com:80/mini/candy.png
http://rhubarbinfo.com:80/node/247	http://rhubarbinfo.com:80/files/icons/wrench.png
http://rhubarbinfo.com:80/node/247	http://rhubarbinfo.com:80/mini/pudding.png
http://rhubarbinfo.com:80/node/247	http://rhubarbinfo.com:80/mini/chicken.png
http://rhubarbinfo.com:80/node/247	http://rhubarbinfo.com:80/files/icons/new.png
http://rhubarbinfo.com:80/node/247	http://rhubarbinfo.com:80/mini/sauce.png
http://rhubarbinfo.com:80/node/247	http://rhubarbinfo.com:80/mini/cobbler.png
http://rhubarbinfo.com:80/node/247	http://rhubarbinfo.com:80/mini/lettuce.png
http://rhubarbinfo.com:80/node/247	http://rhubarbinfo.com:80/mini/cookie.png
http://rhubarbinfo.com:80/node/247	http://rhubarbinfo.com:80/mini/souffle.png
http://rhubarbinfo.com:80/node/247	http://rhubarbinfo.com:80/files/icons/wrench.png
http://rhubarbinfo.com:80/node/247	http://rhubarbinfo.com:80/mini/cupcake.png
http://rhubarbinfo.com:80/node/247	http://rhubarbinfo.com:80/mini/soup.png
http://rhubarbinfo.com:80/node/247	http://rhubarbinfo.com:80/mini/dumpling.png
http://rhubarbinfo.com:80/node/247	http://rhubarbinfo.com:80/files/icons/wrench.png
http://rhubarbinfo.com:80/node/247	http://rhubarbinfo.com:80/mini/star03.png
http://rhubarbinfo.com:80/node/247	http://rhubarbinfo.com:80/files/icons/new.png
http://rhubarbinfo.com:80/node/247	http://rhubarbinfo.com:80/mini/drink.png
http://rhubarbinfo.com:80/node/247	http://rhubarbinfo.com:80/mini/tart.png
http://rhubarbinfo.com:80/node/247	http://rhubarbinfo.com:80/mini/fish02.png
http://rhubarbinfo.com:80/node/247	http://rhubarbinfo.com:80/files/icons/new.png
http://rhubarbinfo.com:80/node/247	http://rhubarbinfo.com:80/mini/trifle.png
http://rhubarbinfo.com:80/node/247	http://rhubarbinfo.com:80/files/icons/wrench.png
http://rhubarbinfo.com:80/node/247	http://rhubarbinfo.com:80/mini/icecream.png
http://rhubarbinfo.com:80/node/247	http://rhubarbinfo.com:80/mini/wine.png
http://rhubarbinfo.com:80/node/247	http://rhubarbinfo.com:80/mini/gruel.png
http://rhubarbinfo.com:80/node/247	http://rhubarbinfo.com:80/files/icons/wrench.png
http://rhubarbinfo.com:80/node/247	http://rhubarbinfo.com:80/mini/eats.png
http://rhubarbinfo.com:80/node/247	http://rhubarbinfo.com:80/mini/jam.png
http://www.rhubarbinfo.com:80/node/256	http://www.rhubarbinfo.com:80/files/images/emerging_flower.png
http://www.rhubarbinfo.com:80/node/256	http://www.rhubarbinfo.com:80/files/icons/camera_small.png
http://www.rhubarbinfo.com:80/node/256	http://www.rhubarbinfo.com:80/files/images/rhubarb_flowers_blooming.png
http://www.rhubarbinfo.com:80/node/256	http://www.rhubarbinfo.com:80/files/icons/camera_small.png
http://www.rhubarbinfo.com:80/node/256	http://www.rhubarbinfo.com:80/files/images/earwigs_in_flowerstalk.jpg
http://www.rhubarbinfo.com:80/node/256	http://www.rhubarbinfo.com:80/files/icons/camera_small.png
http://www.rhubarbinfo.com/node/270	http://www.rhubarbinfo.com/files/images/CompostBin.jpg
http://www.rhubarbinfo.com/node/270	http://www.rhubarbinfo.com/files/icons/camera_small.png
http://www.rhubarbinfo.com:80/node/274	http://www.rhubarbinfo.com:80/files/images/rhubarb_seeds.png
http://www.rhubarbinfo.com:80/node/274	http://www.rhubarbinfo.com:80/files/icons/camera_small.png
http://www.rhubarbinfo.com/node/291	http://www.rhubarbinfo.com/mini/ccbysa.png
http://rhubarbinfo.com/node/295	http://rhubarbinfo.com/mini/ccbysa.png
http://www.rhubarbinfo.com/node/296	http://www.rhubarbinfo.com/mini/ccbysa.png
http://www.rhubarbinfo.com/node/299	http://www.rhubarbinfo.com/mini/ccbysa.png
http://www.rhubarbinfo.com/node/300	http://www.rhubarbinfo.com/mini/ccbysa.png
http://www.rhubarbinfo.com:80/node/318/votes	http://www.rhubarbinfo.com/misc/arrow-asc.png
http://www.rhubarbinfo.com:80/node/321/votes	http://www.rhubarbinfo.com/misc/arrow-asc.png
http://www.rhubarbinfo.com:80/node/48056/votes	http://www.rhubarbinfo.com/misc/arrow-asc.png
http://rhubarbinfo.com/node/48057	http://rhubarbinfo.com/files/icons/emoticon_tongue.png
http://www.rhubarbinfo.com:80/nutritional	http://www.rhubarbinfo.com:80/files/images/4698212958_fd1dc860d1.jpg
http://www.rhubarbinfo.com:80/nutritional	http://www.rhubarbinfo.com:80/files/icons/camera_small.png
https://www.rhubarbinfo.com/p/blog-page.html	https://blogger.googleusercontent.com/img/b/R29vZ2xl/AVvXsEj1ZBii8z_n5lCKmN8Jok5AjIdl1Dt91WtgwjjAezH0E3CzmCE5nyv2iz6b_HvGG-D7wg8flLPaJefxcvBgA62q5qfOa_hX90MFAskwujgRj7o-tc1miyvmjS8apU1WD8S3Fho-JxGIK0g/s1600/chocolate.gif
https://www.rhubarbinfo.com/p/blog-page.html	https://blogger.googleusercontent.com/img/b/R29vZ2xl/AVvXsEj8oB1DLPR6dvuYhRGpRGOmRFH2ENlTW9DNtWTwUhZ2AfOgWaRfTlneDs6OmQWybW1iN5DiwegJGus2ytFQkYgtyV4RSYAK-BNa9AQruGixvKcyoTE7XzC9Q8g7Y63JEMgPzHBYyFCCKQA/s1600/muffin.gif
https://www.rhubarbinfo.com/p/blog-page.html	https://blogger.googleusercontent.com/img/b/R29vZ2xl/AVvXsEgaB8VKYmvKSzaCcpsUtwn-u1R0LMarJv5AfLbM_YKNCh-Q070saxmMg29GhXLQwFdeu4a_sff_RA_xhuyzek-pWTomk5sFaLRdWW0XZ9adAEV1Hk7pmA0awSN9JNg0a34Vm7ibO6RtCQ0/s1600/bread.gif
https://www.rhubarbinfo.com/p/blog-page.html	https://blogger.googleusercontent.com/img/b/R29vZ2xl/AVvXsEh_V80KD7dH7MUkWnEhQPRRmhMVuh3MoQz-UKqb85QKkXDD40mI6wpoEl9o3jJk39nR4YTqo9DNmST8KDUa7IHE0A7LD12_y28_k-eLUzYK12t_I9y1G5vxOLlU48e__GUQtbe2QkH36co/s1600/pickles.gif
https://www.rhubarbinfo.com/p/blog-page.html	https://blogger.googleusercontent.com/img/b/R29vZ2xl/AVvXsEgd9WhnIf6rZ3x4WPOGIFgrpyYl4z-AZz7B7PpUHRHw6XHd-Jcs3DtYMsoqs_-qroMNLw5OoVy0V9rT-IvbiqG1UvyusfePLmysRWxF-RNM0ttHxAAtb9X4oBRLASdON4vapT1h4nOmCGA/s1600/cake.gif
https://www.rhubarbinfo.com/p/blog-page.html	https://blogger.googleusercontent.com/img/b/R29vZ2xl/AVvXsEgzgpX2u6p3h27bTYNiWIQEfPzuONrLuo9AdbQueVXCZYS9dHAHsfLvz5MrcQlY-zfyCvT6egZZft_9Yga7R67pO5AQUSLNkPWyL5D9fTAwbuuL7EdwcwN3ToxF0ETfwc4ZEk2tEjBJ808/s1600/pie.gif
https://www.rhubarbinfo.com/p/blog-page.html	https://blogger.googleusercontent.com/img/b/R29vZ2xl/AVvXsEiLQzbIN0zM-lK8WFeK6rSGd8GJT6-Z3YtRD30zxkgBtPeZN2sHdwrU41IkNNmuo2Olcn_7nhHcrrZ9ZmiBvfDwuhmNFdtySXpLGW_AIh4bgvUHKNZfZt0WwgBhFC5RWJwDboBUehFxXT8/s1600/candy.gif
https://www.rhubarbinfo.com/p/blog-page.html	https://blogger.googleusercontent.com/img/b/R29vZ2xl/AVvXsEgCbn2xEaDIamb10JwWhwttv_n72GrU4MlT4tF0zf7yARtSlQ5kVQ5RMXcmvrNLBMqw_DQdk_tkAQ6AiRwQVNYBwR151JTFx2Uujhu18rjkuWodZHXnh2Um830HwP5F9ihG2QYnrvv6g68/s1600/ham2.gif
https://www.rhubarbinfo.com/p/blog-page.html	https://blogger.googleusercontent.com/img/b/R29vZ2xl/AVvXsEhhJu1SJjqM7Dp9nMS20BbPq5gN5clvfmuGNfgdh-kyvqqjvoPnj46RBdfsjQXyS8ELRUKafmwg7Vl1ZXkA1DueAkPR16WzaolHEk0X4cRkr6qmgFloIAQTQ899mcUIxe2FIdj1Lgbb15E/s1600/chicken.gif
https://www.rhubarbinfo.com/p/blog-page.html	https://blogger.googleusercontent.com/img/b/R29vZ2xl/AVvXsEjD77c4yJBsijBvQRb7JneS1l9Ep7KWS0YDaie62kmXiZyFPRi4nDMo-69BqqYyashUm7PkIW16oIwB93hK-dFZHFp21VUbPfCku12N3u09-Zk2bFU8Eq0cnn3FqKp0BKOVINn18FV1YTg/s1600/pudding.icon.gif
https://www.rhubarbinfo.com/p/blog-page.html	https://blogger.googleusercontent.com/img/b/R29vZ2xl/AVvXsEgirbGV12q_fcCGmOQqis2IX87KfJVwlvWmj9tsE_sJN1tKd3ByQYaXaeQDUqVecFVvmmiVapPEwVJ9RkmNzdi6Uut3jnjlQRDmX6To5J5hTFKKEpkE8IX8ROZnC9GLzm-2ks6XEfrbWW8/s1600/cobbler.gif
https://www.rhubarbinfo.com/p/blog-page.html	https://blogger.googleusercontent.com/img/b/R29vZ2xl/AVvXsEiOBgGkVkxKVPlppxmV-2ARajx4sK_0dwf4IIiDyTutBX-QwGeGuLmB1poty1FIuvaHtq8gT8uxp-yHNiYNYVJOsXjOCvG9InXRTa6FoOwWRbqkgDemq3YSqxXjd5WZBEYtJF3IT8p0NFU/s1600/sauce.gif
https://www.rhubarbinfo.com/p/blog-page.html	https://blogger.googleusercontent.com/img/b/R29vZ2xl/AVvXsEiSh6VdjxhlGIeC1BLdpJ58TmF9-SkVltPuvFgezGHl2xdUi2lpsnaGV3xPj3QxgVwDf8iVCV9prG_uE59qoB2r8ngd9HLs7AK1OhMGLOqg3zQDXRM6KEUuPMUyXMOZ4OHS9QvF3d2_F9s/s1600/biscuit.gif
https://www.rhubarbinfo.com/p/blog-page.html	https://blogger.googleusercontent.com/img/b/R29vZ2xl/AVvXsEhGc-JhPusJo7Fn9qQn46bxfwYGwN-SXIqoeFYMEQjZHvQqm86rl1VUxTYK_hpAJQ5_SMb2VyoAl2ffYZJvAg7u1jNuNofGTLjQ1UCiR3Yficm7_jsxlVIJ9pD5tsy3FslOhxGzKgogBwY/s1600/lettuce.gif
https://www.rhubarbinfo.com/p/blog-page.html	https://blogger.googleusercontent.com/img/b/R29vZ2xl/AVvXsEi80airMOHw8d3IEAQoaGXHf7mJQyk79U1LF3fyQMPHjzpFcsVoz5fAaN15RSzToz4bnwIWXmNvFnGQxkO9oKFA2r4CK5Z7ovYVhgmxpEDRXLOdla2gUkxJPX-_w7I4kC5JARlz3VrH5Og/s1600/cupcake.gif
https://www.rhubarbinfo.com/p/blog-page.html	https://blogger.googleusercontent.com/img/b/R29vZ2xl/AVvXsEiED8rIq6CU2u56kVcBrk8Tp1AiZPNezAR0adE7ix-ppT5u7kAV2ncKhRywF6HsoIKZZjT7HIqK0spAQAEPyjayWtXhmUrZQjheB9wFtpEmaGcO_P8jMr4BXcF9AlaI4I46iuwm5Fza_CQ/s1600/souffle.gif
https://www.rhubarbinfo.com/p/blog-page.html	https://blogger.googleusercontent.com/img/b/R29vZ2xl/AVvXsEiTPJCZtMboIq4aBeXhOTU0_Y6ix7OmZnMblpJMWqQakDf8bM75YWUnZj_M6O9xVj0DgQMq_2FwDUVK99Qweh3RPexW4UaYoc-5heGKvmsSP0dtzLycfBsD6KQ9liGJptq3_uOpAwnpeeM/s1600/drink.gif
https://www.rhubarbinfo.com/p/blog-page.html	https://blogger.googleusercontent.com/img/b/R29vZ2xl/AVvXsEiFOhYvM6vP5LaVE9Ks1A3Al11lFt4U2Za-44XA33gV-mOGbb6bxyxati_ky4IP67g5gwj5OH3LnGlikvgPZl30XamDrSK6JE0tKGe9-kO8dV_6Bqn4n25QCoiGjgPc8CoMgxMITZithxY/s1600/soup.gif
https://www.rhubarbinfo.com/p/blog-page.html	https://blogger.googleusercontent.com/img/b/R29vZ2xl/AVvXsEjnLMfFR7We_aBWYiO1JW49rTkvNbQED2EMFCVbLvDUw9oJfN512ORmxPHe2-wAHEOzvSTF8fvIHXKuasKThR6_KG6BaBgGY8iykxUsWRMqYYwKL4NOx0C5kQdqZ4_Q8fjURHgvatru9mc/s1600/dumpling.gif
https://www.rhubarbinfo.com/p/blog-page.html	https://blogger.googleusercontent.com/img/b/R29vZ2xl/AVvXsEjKKsFmS9paevUPoSRLHX3UX7PX52sowDY2nqRp_6P9dQpc84x_UAYC2qRpVfb1Plew2fOn0ZXLttxegIfm2gbNcGJyXNydVCpV0X1drKnB-mp0EAq7HXlHHLDCsFprDpC5XkN9B1weUtg/s1600/tart.gif
https://www.rhubarbinfo.com/p/blog-page.html	https://blogger.googleusercontent.com/img/b/R29vZ2xl/AVvXsEhMVVEDJyvQ6JMW7BozO8sSFGiYJzPoIJXoNnn4Qirdol8YqBONxUnAlvrHhD6LwAnvmb4UrVDJgBgeyy9U-Jk1sg0zrRf5yGJ0gs62FqifxWmBMT80HRhEDUnISz4jmCyPNOeXYsTY9Wc/s1600/fish02.gif
https://www.rhubarbinfo.com/p/blog-page.html	https://blogger.googleusercontent.com/img/b/R29vZ2xl/AVvXsEj3qv4xRl57CUpbLGCjJaHAOwoxBKw9JjwCxF-71D8keZfn90cMViA7D6xtau1Yizm9_6OOKlFS4VtF-atG3NmZlrDUlJ71fO7XmdKq2LtaQKllxxeEALoTwn36d9Bpftv1SgoHC5rMBxM/s1600/trifle.gif
https://www.rhubarbinfo.com/p/blog-page.html	https://blogger.googleusercontent.com/img/b/R29vZ2xl/AVvXsEhG1WUbQr3XHeRiObDFBDroMiHx3IaydVi5MUvDOUgiL-0ylvg7_vkebpizGqDailCm-Yxyu6FazkKN4Mu8KbDzyBkkRfAOAkeILr2PHLZWduJPp3CDFREE3fxDUlfqxqzKOQyJi1YCJZ0/s1600/icecream.gif
https://www.rhubarbinfo.com/p/blog-page.html	https://blogger.googleusercontent.com/img/b/R29vZ2xl/AVvXsEiLYc8BcCkT8LdIpcDSP6428vLwzzWC2wYRA4sPX8WWc5_yIcpuM9fRkyLw9uJIneM41J1dJtuBiDfyY8bYSD7Nq5pjVmhNbmD4Mb80wVfrLF6NSS95J6QRVERmFaWQK2Jy14S4jH22DFA/s1600/wine.gif
https://www.rhubarbinfo.com/p/blog-page.html	https://blogger.googleusercontent.com/img/b/R29vZ2xl/AVvXsEhNo7nuxY_bB-FSyhcuGqagFTfs7EP3dSamNSUk0YZ-NoJDM4FwyXZXUcL1C7bGlQnmUfF0cWXv5kTq82zuFdEHNZmqlF_29dnK7OrXWn8E4HNRmb5JzTGq9s_3zwbSFc96XKDTdMSY9-8/s1600/jam.gif
https://www.rhubarbinfo.com/p/blog-page.html	https://blogger.googleusercontent.com/img/b/R29vZ2xl/AVvXsEjrYYbhl9_z6so9PR0ODTu_fo5gV4B44iHTsjkBhb0SW7SpU0DO5PYokZ_h81ssfpOPAoza7vdXvGxdDuris7XPZf5euMToh8lT6Gvyjz8rR3U8QPQYhjmZ43nsaQkcfzchhETg4UIZBR8/s1600/eats.gif
https://www.rhubarbinfo.com/p/rhubarb-informational-pages.html	https://blogger.googleusercontent.com/img/b/R29vZ2xl/AVvXsEiFVvbH2Np51D21jEzFD8VbaPp3wxSiNODaT_2EDIxtjhLF0bI4QOUZQtErgEYz6Xj9FPgz3A0AMscZhiOql82_viu5KA3NNyx4kTzwtPo5Svitk9XC4UZ9nKrPxqYktOxcn4ONlHhUdCE/s1600/lettuce.gif
https://www.rhubarbinfo.com/p/rhubarb-informational-pages.html	https://blogger.googleusercontent.com/img/b/R29vZ2xl/AVvXsEi2O97z2C-6G5hkWDkqWjQzyCXp_XDnl3TVe37PqGZbvvHAicaKlqRLeSfwrKBty1_dobJfZ1wNQotnQhIfQP93NtEnzNu-MqJR3s3fkF2nOUD5cHfmH7PfPX3J9x2MTKVjAeiQ6fMt4XY/s1600/sprout.png
https://www.rhubarbinfo.com/p/rhubarb-informational-pages.html	https://blogger.googleusercontent.com/img/b/R29vZ2xl/AVvXsEi68Hi80-NKC9_nRu2lAGROFjlYbnlPuadePiZpc9v96yRwZLNlCP1xUrcAlNKjc0bz6X4GCTFlpm8K6rxIj8oJxr8RaIYzO8b_CcJirf5GIFoDSQZgWFkEdxu1yGYFGfM5Utcc07mZR44/s1600/i320.gif
https://www.rhubarbinfo.com/p/rhubarb-informational-pages.html	https://blogger.googleusercontent.com/img/b/R29vZ2xl/AVvXsEiu_7KqozIPBImFxtQVHLgcDbpr50Ht09XiBMd0jh30lcA1x3qgfWJZMWgUyn5I7NdaUAP6bZrINAMYPKyL2PEvyvFfcpl-XYO2zPZiXacALnAPpsctzfu53Y7-0oHkxfDqcEA9_w1PuDA/s1600/snowflake.png
https://www.rhubarbinfo.com/p/rhubarb-informational-pages.html	https://blogger.googleusercontent.com/img/b/R29vZ2xl/AVvXsEicJz5FWxohNlhN-tEdxgxp7OfoF5nyyJOBavJ5ofri5_pxdoKo8ZaZHDLmexyy1y6uGK5rGTchhq_uqxwbzea9gQLf-sclkbiVQxFyF872zTH0B67P8WH3SuK2-8tLVlRvpx8sLd__IRM/s1600/salad.gif
https://www.rhubarbinfo.com/p/rhubarb-informational-pages.html	https://blogger.googleusercontent.com/img/b/R29vZ2xl/AVvXsEjVBNRsOPHtX188scBLwxiMJk3i5hY2nMC4vJxhyphenhyphen2TqrQ0oivFO73cjA42EBytzYyq4DJunsPWYN4ZvqES9cAk4RcijgsldWEiOdniOV_le9uFDATuAwvRfDPmYMqDsw4-wN9R4-E9e40k/s1600/pot.png
https://www.rhubarbinfo.com/p/rhubarb-informational-pages.html	https://blogger.googleusercontent.com/img/b/R29vZ2xl/AVvXsEj0gGVDoSC0dJCMKWhv-deYCkKBj81JMSo3S627mtQASC1dW9GVBxvS5wm8qFtkvbiuqVRgJ6NVhOmxBvOhG6nVpEfFN8Wbz2dEH0iBzNrFylXy2PoVOshb62nfV_8bVa6UxttDLzUMoPo/s1600/bonsai.png
https://www.rhubarbinfo.com/p/rhubarb-informational-pages.html	https://blogger.googleusercontent.com/img/b/R29vZ2xl/AVvXsEhlPTb0Z5IrOQlu0Uj02ohu6bu5pYSZI_0NmJvuFfr_S0BewbLLLt82nU33TxUL7OsB9l7aciMifZ_xVl9jI7SzLJnHUmWyANeNk5F6bzwTDHXYwOwtllB-zQv8-Zik21NyhKH9hgCdSsc/s1600/flower.png
https://www.rhubarbinfo.com/p/rhubarb-informational-pages.html	https://blogger.googleusercontent.com/img/b/R29vZ2xl/AVvXsEinVj1ux3T-e6RuhlQ2T7SXOdKTbqgj6vopwVSSQ_wAM8aPJnb_CL5VLyazuSXamq5o0XKkuwbwllC09UV-dEJv8R1VNq4IEygwmVTHg-1O-neeDCwXaGTB_W-ganRmSEwFertXBRR1R-w/s1600/kitchen.gif
https://www.rhubarbinfo.com/p/rhubarb-informational-pages.html	https://blogger.googleusercontent.com/img/b/R29vZ2xl/AVvXsEgLwULh0GxPMgwXtR4JdmmxCRTyGjHA-qbNbihNTBG_3ld-FuAu6JmAYdyO2RA4EFBan1nVd0w0Qem1C7lfLtQMW9-KKNMCDGP7QvqvY9SkEwVlTR-Os5AmI-jG0yOKbAjH1eKkt84JBY0/s1600/seeds.png
https://www.rhubarbinfo.com/p/rhubarb-informational-pages.html	https://blogger.googleusercontent.com/img/b/R29vZ2xl/AVvXsEjg5zq52B_PE3yXW92-vW6Svzr7c_UVo9f7JcAGslkjEJKmLmBN-n2ILEITFriPstUWUXWnAta-KTQPO1rtZMQINrmxu3s68GGTNukU_k-52QbcdgaP1G4kumGpQWIWTs0qwhnuzptxRmU/s1600/recipe.gif
https://www.rhubarbinfo.com/p/rhubarb-informational-pages.html	https://blogger.googleusercontent.com/img/b/R29vZ2xl/AVvXsEhmv-90nTmOsEm6aUP_r7Mq0jh6fw5J2FD5UT3qk46uN24YzIX2b9Z_WFNRrcOl3qbWSQsCBP6Upxrn2LkVNhlrt-9V0_dOdNImxWLayk6P6nZ8OoRgbsG4h1av6j8ajfh5WKxUwYiH6D0/s1600/sack.png
http://www.rhubarbinfo.com/poison	http://www.rhubarbinfo.com/files/images/oxalicacid.png
http://www.rhubarbinfo.com/poison	http://www.rhubarbinfo.com/sites/all/modules/spamspan/image.gif
http://www.rhubarbinfo.com/poison	http://www.rhubarbinfo.com/sites/all/modules/spamspan/image.gif
http://www.rhubarbinfo.com/poison	http://www.rhubarbinfo.com/sites/all/modules/spamspan/image.gif
http://www.rhubarbinfo.com/poison	http://www.rhubarbinfo.com/sites/all/modules/spamspan/image.gif
http://www.rhubarbinfo.com:80/recipe/bycat	http://www.rhubarbinfo.com:80/files/images/cafepress_example.png
http://www.rhubarbinfo.com:80/recipe/bycat	http://www4.clustrmaps.com/counter/index2.php?url=http://rhubarbinfo.com/
http://rhubarbinfo.com/recipe/bying/1	http://rhubarbinfo.com/files/images/cafepress_example.png
http://rhubarbinfo.com/recipe/bying/1	http://www4.clustrmaps.com/counter/index2.php?url=http://rhubarbinfo.com/
http://rhubarbinfo.com/recipe/bying/10	http://rhubarbinfo.com/files/images/cafepress_example.png
http://rhubarbinfo.com/recipe/bying/10	http://www4.clustrmaps.com/counter/index2.php?url=http://rhubarbinfo.com/
http://rhubarbinfo.com/recipe/bying/11	http://rhubarbinfo.com/files/images/cafepress_example.png
http://rhubarbinfo.com/recipe/bying/11	http://www4.clustrmaps.com/counter/index2.php?url=http://rhubarbinfo.com/
http://rhubarbinfo.com/recipe/bying/12	http://rhubarbinfo.com/files/images/cafepress_example.png
http://rhubarbinfo.com/recipe/bying/12	http://www4.clustrmaps.com/counter/index2.php?url=http://rhubarbinfo.com/
http://rhubarbinfo.com/recipe/bying/13	http://rhubarbinfo.com/files/images/cafepress_example.png
http://rhubarbinfo.com/recipe/bying/13	http://www4.clustrmaps.com/counter/index2.php?url=http://rhubarbinfo.com/
http://rhubarbinfo.com/recipe/bying/2	http://rhubarbinfo.com/files/images/cafepress_example.png
http://rhubarbinfo.com/recipe/bying/2	http://www4.clustrmaps.com/counter/index2.php?url=http://rhubarbinfo.com/
http://rhubarbinfo.com/recipe/bying/3	http://rhubarbinfo.com/files/images/cafepress_example.png
http://rhubarbinfo.com/recipe/bying/3	http://www4.clustrmaps.com/counter/index2.php?url=http://rhubarbinfo.com/
http://rhubarbinfo.com/recipe/bying/4	http://rhubarbinfo.com/files/images/cafepress_example.png
http://rhubarbinfo.com/recipe/bying/4	http://www4.clustrmaps.com/counter/index2.php?url=http://rhubarbinfo.com/
http://rhubarbinfo.com/recipe/bying/5	http://rhubarbinfo.com/files/images/cafepress_example.png
http://rhubarbinfo.com/recipe/bying/5	http://www4.clustrmaps.com/counter/index2.php?url=http://rhubarbinfo.com/
http://rhubarbinfo.com/recipe/bying/6	http://rhubarbinfo.com/files/images/cafepress_example.png
http://rhubarbinfo.com/recipe/bying/6	http://www4.clustrmaps.com/counter/index2.php?url=http://rhubarbinfo.com/
http://rhubarbinfo.com/recipe/bying/7	http://rhubarbinfo.com/files/images/cafepress_example.png
http://rhubarbinfo.com/recipe/bying/7	http://www4.clustrmaps.com/counter/index2.php?url=http://rhubarbinfo.com/
http://rhubarbinfo.com/recipe/bying/8	http://rhubarbinfo.com/files/images/cafepress_example.png
http://rhubarbinfo.com/recipe/bying/8	http://www4.clustrmaps.com/counter/index2.php?url=http://rhubarbinfo.com/
http://rhubarbinfo.com/recipe/bying/9	http://rhubarbinfo.com/files/images/cafepress_example.png
http://rhubarbinfo.com/recipe/bying/9	http://www4.clustrmaps.com/counter/index2.php?url=http://rhubarbinfo.com/
http://www.rhubarbinfo.com:80/recipe/bying	http://www.rhubarbinfo.com:80/files/images/cafepress_example.png
http://www.rhubarbinfo.com:80/recipe/bying	http://www4.clustrmaps.com/counter/index2.php?url=http://rhubarbinfo.com/
http://www.rhubarbinfo.com:80/recipe/byname	http://www.rhubarbinfo.com:80/files/images/cafepress_example.png
http://www.rhubarbinfo.com:80/recipe/byname	http://www4.clustrmaps.com/counter/index2.php?url=http://rhubarbinfo.com/
http://www.rhubarbinfo.com:80/recipe-drink.html	http://www.rhubarbinfo.com:80/ricons/wine.gif
http://www.rhubarbinfo.com:80/recipe-index.html	http://www.rhubarbinfo.com:80/ricons/chocolate.gif
http://www.rhubarbinfo.com:80/recipe-index.html	http://www.rhubarbinfo.com:80/ricons/muffin.gif
http://www.rhubarbinfo.com:80/recipe-index.html	http://www.rhubarbinfo.com:80/ricons/bread.gif
http://www.rhubarbinfo.com:80/recipe-index.html	http://www.rhubarbinfo.com:80/ricons/pickles.gif
http://www.rhubarbinfo.com:80/recipe-index.html	http://www.rhubarbinfo.com:80/ricons/cake.gif
http://www.rhubarbinfo.com:80/recipe-index.html	http://www.rhubarbinfo.com:80/ricons/pie.gif
http://www.rhubarbinfo.com:80/recipe-index.html	http://www.rhubarbinfo.com:80/ricons/candy.gif
http://www.rhubarbinfo.com:80/recipe-index.html	http://www.rhubarbinfo.com:80/ricons/ham2.gif
http://www.rhubarbinfo.com:80/recipe-index.html	http://www.rhubarbinfo.com:80/ricons/chicken.gif
http://www.rhubarbinfo.com:80/recipe-index.html	http://www.rhubarbinfo.com:80/ricons/pudding.icon.gif
http://www.rhubarbinfo.com:80/recipe-index.html	http://www.rhubarbinfo.com:80/ricons/cobbler.gif
http://www.rhubarbinfo.com:80/recipe-index.html	http://www.rhubarbinfo.com:80/ricons/sauce.gif
http://www.rhubarbinfo.com:80/recipe-index.html	http://www.rhubarbinfo.com:80/ricons/cookie.gif
http://www.rhubarbinfo.com:80/recipe-index.html	http://www.rhubarbinfo.com:80/ricons/lettuce.gif
http://www.rhubarbinfo.com:80/recipe-index.html	http://www.rhubarbinfo.com:80/ricons/cupcake.gif
http://www.rhubarbinfo.com:80/recipe-index.html	http://www.rhubarbinfo.com:80/ricons/souffle.gif
http://www.rhubarbinfo.com:80/recipe-index.html	http://www.rhubarbinfo.com:80/ricons/dumpling.gif
http://www.rhubarbinfo.com:80/recipe-index.html	http://www.rhubarbinfo.com:80/ricons/soup.gif
http://www.rhubarbinfo.com:80/recipe-index.html	http://www.rhubarbinfo.com:80/ricons/drink.gif
http://www.rhubarbinfo.com:80/recipe-index.html	http://www.rhubarbinfo.com:80/ricons/star03.gif
http://www.rhubarbinfo.com:80/recipe-index.html	http://www.rhubarbinfo.com:80/ricons/fish02.gif
http://www.rhubarbinfo.com:80/recipe-index.html	http://www.rhubarbinfo.com:80/ricons/tart.gif
http://www.rhubarbinfo.com:80/recipe-index.html	http://www.rhubarbinfo.com:80/ricons/icecream.gif
http://www.rhubarbinfo.com:80/recipe-index.html	http://www.rhubarbinfo.com:80/ricons/trifle.gif
http://www.rhubarbinfo.com:80/recipe-index.html	http://www.rhubarbinfo.com:80/ricons/gruel.gif
http://www.rhubarbinfo.com:80/recipe-index.html	http://www.rhubarbinfo.com:80/ricons/wine.gif
http://www.rhubarbinfo.com:80/recipe-index.html	http://www.rhubarbinfo.com:80/ricons/jam.gif
http://www.rhubarbinfo.com:80/recipe-index.html	http://www.rhubarbinfo.com:80/ricons/eats.gif
http://www.rhubarbinfo.com:80/recipe-index.html	http://www.rhubarbinfo.com:80/ricons/kitchen.gif
http://www.rhubarbinfo.com:80/recipe-index.html	http://www.rhubarbinfo.com:80/ricons/strawberry.gif
http://www.rhubarbinfo.com:80/recipe-index.html	http://www.rhubarbinfo.com:80/images/order_now.gif
http://www.rhubarbinfo.com:80/recipe-wine.html	http://www.rhubarbinfo.com:80/images/RhubarbWineDaylily.jpg
http://www.rhubarbinfo.com:80/recipe-wine.html	http://www.rhubarbinfo.com:80/ricons/link.gif
http://www.rhubarbinfo.com:80/recipe-wine.html	http://www.rhubarbinfo.com:80/ricons/link.gif
http://www.rhubarbinfo.com:80/recipes/bread/	http://www.rhubarbinfo.com:80/images/point.gif
http://www.rhubarbinfo.com:80/recipes/bread/	http://www.rhubarbinfo.com:80/images/leaf001small.gif
http://www.rhubarbinfo.com:80/recipes/bread/	http://www.rhubarbinfo.com:80/ricons/bread.gif
http://www.rhubarbinfo.com:80/recipes/bread/	http://www.rhubarbinfo.com:80/ricons/bread.gif
http://www.rhubarbinfo.com:80/recipes/bread/	http://www.rhubarbinfo.com:80/ricons/bread.gif
http://www.rhubarbinfo.com:80/recipes/bread/	http://www.rhubarbinfo.com:80/ricons/bread.gif
http://www.rhubarbinfo.com:80/recipes/bread/	http://www.rhubarbinfo.com:80/ricons/bread.gif
http://www.rhubarbinfo.com:80/recipes/bread/	http://www.rhubarbinfo.com:80/ricons/bread.gif
http://www.rhubarbinfo.com:80/recipes/bread/	http://www.rhubarbinfo.com:80/ricons/bread.gif
http://www.rhubarbinfo.com:80/recipes/bread/	http://www.rhubarbinfo.com:80/bookstore/associate/068481174x_m.gif
http://www.rhubarbinfo.com:80/recipes/bread/	http://www.rhubarbinfo.com:80/bookstore/buy-the-book-cart.gif
http://www.rhubarbinfo.com:80/recipes/bread/	http://www.rhubarbinfo.com:80/ricons/paw.gif
http://www.rhubarbinfo.com:80/recipes/bread/	http://www.rhubarbinfo.com:80/ricons/page.gif
http://www.rhubarbinfo.com:80/recipes/bread/	http://www.rhubarbinfo.com:80/images/point.gif
http://www.rhubarbinfo.com:80/recipes/bread/	http://www.rhubarbinfo.com:80/images/small.onecupofbarb.noback.gif
http://rhubarbinfo.com:80/recipes/cake/	http://rhubarbinfo.com:80/images/point.gif
http://rhubarbinfo.com:80/recipes/cake/	http://rhubarbinfo.com:80/images/leaf001small.gif
http://rhubarbinfo.com:80/recipes/cake/	http://rhubarbinfo.com:80/ricons/cake.gif
http://rhubarbinfo.com:80/recipes/cake/	http://rhubarbinfo.com:80/ricons/cake.gif
http://rhubarbinfo.com:80/recipes/cake/	http://rhubarbinfo.com:80/ricons/cake.gif
http://rhubarbinfo.com:80/recipes/cake/	http://rhubarbinfo.com:80/ricons/cake.gif
http://rhubarbinfo.com:80/recipes/cake/	http://rhubarbinfo.com:80/ricons/cake.gif
http://rhubarbinfo.com:80/recipes/cake/	http://rhubarbinfo.com:80/ricons/cake.gif
http://rhubarbinfo.com:80/recipes/cake/	http://rhubarbinfo.com:80/ricons/cake.gif
http://rhubarbinfo.com:80/recipes/cake/	http://rhubarbinfo.com:80/ricons/cake.gif
http://rhubarbinfo.com:80/recipes/cake/	http://rhubarbinfo.com:80/ricons/cake.gif
http://rhubarbinfo.com:80/recipes/cake/	http://rhubarbinfo.com:80/ricons/cake.gif
http://rhubarbinfo.com:80/recipes/cake/	http://rhubarbinfo.com:80/ricons/cake.gif
http://rhubarbinfo.com:80/recipes/cake/	http://rhubarbinfo.com:80/ricons/cake.gif
http://rhubarbinfo.com:80/recipes/cake/	http://rhubarbinfo.com:80/ricons/cake.gif
http://rhubarbinfo.com:80/recipes/cake/	http://rhubarbinfo.com:80/ricons/cake.gif
http://rhubarbinfo.com:80/recipes/cake/	http://rhubarbinfo.com:80/ricons/cake.gif
http://rhubarbinfo.com:80/recipes/cake/	http://rhubarbinfo.com:80/ricons/cake.gif
http://rhubarbinfo.com:80/recipes/cake/	http://rhubarbinfo.com:80/ricons/cake.gif
http://rhubarbinfo.com:80/recipes/cake/	http://rhubarbinfo.com:80/ricons/cake.gif
http://rhubarbinfo.com:80/recipes/cake/	http://rhubarbinfo.com:80/ricons/cake.gif
http://rhubarbinfo.com:80/recipes/cake/	http://rhubarbinfo.com:80/ricons/cake.gif
http://rhubarbinfo.com:80/recipes/cake/	http://rhubarbinfo.com:80/ricons/cake.gif
http://rhubarbinfo.com:80/recipes/cake/	http://rhubarbinfo.com:80/ricons/cake.gif
http://rhubarbinfo.com:80/recipes/cake/	http://rhubarbinfo.com:80/ricons/cake.gif
http://rhubarbinfo.com:80/recipes/cake/	http://rhubarbinfo.com:80/ricons/cake.gif
http://rhubarbinfo.com:80/recipes/cake/	http://rhubarbinfo.com:80/ricons/cake.gif
http://rhubarbinfo.com:80/recipes/cake/	http://rhubarbinfo.com:80/ricons/cake.gif
http://rhubarbinfo.com:80/recipes/cake/	http://rhubarbinfo.com:80/ricons/cake.gif
http://rhubarbinfo.com:80/recipes/cake/	http://rhubarbinfo.com:80/ricons/cake.gif
http://rhubarbinfo.com:80/recipes/cake/	http://rhubarbinfo.com:80/ricons/cake.gif
http://rhubarbinfo.com:80/recipes/cake/	http://rhubarbinfo.com:80/ricons/cake.gif
http://rhubarbinfo.com:80/recipes/cake/	http://rhubarbinfo.com:80/ricons/cake.gif
http://rhubarbinfo.com:80/recipes/cake/	http://rhubarbinfo.com:80/ricons/cake.gif
http://rhubarbinfo.com:80/recipes/cake/	http://rhubarbinfo.com:80/ricons/cake.gif
http://rhubarbinfo.com:80/recipes/cake/	http://rhubarbinfo.com:80/ricons/cake.gif
http://rhubarbinfo.com:80/recipes/cake/	http://rhubarbinfo.com:80/ricons/cake.gif
http://rhubarbinfo.com:80/recipes/cake/	http://rhubarbinfo.com:80/ricons/cake.gif
http://rhubarbinfo.com:80/recipes/cake/	http://rhubarbinfo.com:80/ricons/cake.gif
http://rhubarbinfo.com:80/recipes/cake/	http://rhubarbinfo.com:80/ricons/cake.gif
http://rhubarbinfo.com:80/recipes/cake/	http://rhubarbinfo.com:80/ricons/cake.gif
http://rhubarbinfo.com:80/recipes/cake/	http://rhubarbinfo.com:80/ricons/cake.gif
http://rhubarbinfo.com:80/recipes/cake/	http://rhubarbinfo.com:80/ricons/cake.gif
http://rhubarbinfo.com:80/recipes/cake/	http://rhubarbinfo.com:80/ricons/cake.gif
http://rhubarbinfo.com:80/recipes/cake/	http://rhubarbinfo.com:80/ricons/cake.gif
http://rhubarbinfo.com:80/recipes/cake/	http://rhubarbinfo.com:80/ricons/cake.gif
http://rhubarbinfo.com:80/recipes/cake/	http://rhubarbinfo.com:80/ricons/cake.gif
http://rhubarbinfo.com:80/recipes/cake/	http://rhubarbinfo.com:80/ricons/cake.gif
http://rhubarbinfo.com:80/recipes/cake/	http://rhubarbinfo.com:80/bookstore/associate/0688044026_m.gif
http://rhubarbinfo.com:80/recipes/cake/	http://rhubarbinfo.com:80/bookstore/buy-the-book-cart.gif
http://rhubarbinfo.com:80/recipes/cake/	http://rhubarbinfo.com:80/ricons/page.gif
http://rhubarbinfo.com:80/recipes/cake/	http://rhubarbinfo.com:80/images/point.gif
http://rhubarbinfo.com:80/recipes/cake/	http://rhubarbinfo.com:80/images/small.onecupofbarb.noback.gif
http://www.rhubarbinfo.com:80/recipes/cookie/rhubarb-search.html	http://www.rhubarbinfo.com:80/recipes/cookie/images/point.gif
http://www.rhubarbinfo.com:80/recipes/cookie/rhubarb-search.html	http://www.rhubarbinfo.com:80/recipes/cookie/images/leaf001small.gif
http://www.rhubarbinfo.com:80/recipes/cookie/rhubarb-search.html	http://www.rhubarbinfo.com:80/recipes/cookie/images/point.gif
http://www.rhubarbinfo.com:80/recipes/cookie/rhubarb-search.html	http://www.rhubarbinfo.com:80/recipes/cookie/images/small.onecupofbarb.noback.gif
http://www.rhubarbinfo.com:80/recipes/cookie/rhubarb.cookies.01.html	http://www.rhubarbinfo.com:80/fs_img/fs2/freeserverslogo2.gif
http://www.rhubarbinfo.com:80/recipes/cookie/rhubarb.cookies.01.html	http://www.rhubarbinfo.com:80/cgi-bin/image/images/errorpage.gif
http://www.rhubarbinfo.com:80/recipes/cookie/rhubarb.cookies.01.html	http://www.rhubarbinfo.com:80/fs_img/fs2/donthaveaccount.gif
http://www.rhubarbinfo.com:80/recipes/cookie/rhubarb.cookies.01.html	http://www.rhubarbinfo.com:80/fs_img/fs2/signup_small.gif
http://www.rhubarbinfo.com:80/recipes/cookie/rhubarb.cookies.01.html	http://service.bfast.com/bfast/serve?bfmid=115759&sourceid=38526075&categoryid=home_equity_landing4
http://www.rhubarbinfo.com:80/recipes/cookie/rhubarb.cookies.01.html	http://www.lendingtree.com/common/bp/affiliates/120x600seriousHE.gif
http://www.rhubarbinfo.com:80/recipes/cookie/rhubarb.cookies.01.html	http://statistics.s5.com/BHLENDING_EUTOWER1.html
http://www.rhubarbinfo.com:80/recipes/cookie/rhubarb.cookies.01.html	http://statistics.s5.com/tower_error404.html
http://www.rhubarbinfo.com:80/recipes	http://www.rhubarbinfo.com:80/sites/all/modules/spamspan/image.gif
http://www.rhubarbinfo.com:80/recipes	http://www.rhubarbinfo.com:80/mini/chocolate.png
http://www.rhubarbinfo.com:80/recipes	http://www.rhubarbinfo.com:80/mini/muffin.png
http://www.rhubarbinfo.com:80/recipes	http://www.rhubarbinfo.com:80/mini/bread.png
http://www.rhubarbinfo.com:80/recipes	http://www.rhubarbinfo.com:80/mini/pickles.png
http://www.rhubarbinfo.com:80/recipes	http://www.rhubarbinfo.com:80/files/icons/new.png
http://www.rhubarbinfo.com:80/recipes	http://www.rhubarbinfo.com:80/mini/breadmachine.png
http://www.rhubarbinfo.com:80/recipes	http://www.rhubarbinfo.com:80/files/icons/wrench.png
http://www.rhubarbinfo.com:80/recipes	http://www.rhubarbinfo.com:80/mini/pie.png
http://www.rhubarbinfo.com:80/recipes	http://www.rhubarbinfo.com:80/mini/cake.png
http://www.rhubarbinfo.com:80/recipes	http://www.rhubarbinfo.com:80/mini/ham2.png
http://www.rhubarbinfo.com:80/recipes	http://www.rhubarbinfo.com:80/files/icons/new.png
http://www.rhubarbinfo.com:80/recipes	http://www.rhubarbinfo.com:80/mini/candy.png
http://www.rhubarbinfo.com:80/recipes	http://www.rhubarbinfo.com:80/files/icons/wrench.png
http://www.rhubarbinfo.com:80/recipes	http://www.rhubarbinfo.com:80/mini/pudding.png
http://www.rhubarbinfo.com:80/recipes	http://www.rhubarbinfo.com:80/mini/chicken.png
http://www.rhubarbinfo.com:80/recipes	http://www.rhubarbinfo.com:80/files/icons/new.png
http://www.rhubarbinfo.com:80/recipes	http://www.rhubarbinfo.com:80/mini/sauce.png
http://www.rhubarbinfo.com:80/recipes	http://www.rhubarbinfo.com:80/mini/cobbler.png
http://www.rhubarbinfo.com:80/recipes	http://www.rhubarbinfo.com:80/mini/lettuce.png
http://www.rhubarbinfo.com:80/recipes	http://www.rhubarbinfo.com:80/mini/cookie.png
http://www.rhubarbinfo.com:80/recipes	http://www.rhubarbinfo.com:80/mini/souffle.png
http://www.rhubarbinfo.com:80/recipes	http://www.rhubarbinfo.com:80/files/icons/wrench.png
http://www.rhubarbinfo.com:80/recipes	http://www.rhubarbinfo.com:80/mini/cupcake.png
http://www.rhubarbinfo.com:80/recipes	http://www.rhubarbinfo.com:80/mini/soup.png
http://www.rhubarbinfo.com:80/recipes	http://www.rhubarbinfo.com:80/mini/dumpling.png
http://www.rhubarbinfo.com:80/recipes	http://www.rhubarbinfo.com:80/files/icons/wrench.png
http://www.rhubarbinfo.com:80/recipes	http://www.rhubarbinfo.com:80/mini/star03.png
http://www.rhubarbinfo.com:80/recipes	http://www.rhubarbinfo.com:80/files/icons/new.png
http://www.rhubarbinfo.com:80/recipes	http://www.rhubarbinfo.com:80/mini/drink.png
http://www.rhubarbinfo.com:80/recipes	http://www.rhubarbinfo.com:80/mini/tart.png
http://www.rhubarbinfo.com:80/recipes	http://www.rhubarbinfo.com:80/mini/fish02.png
http://www.rhubarbinfo.com:80/recipes	http://www.rhubarbinfo.com:80/files/icons/new.png
http://www.rhubarbinfo.com:80/recipes	http://www.rhubarbinfo.com:80/mini/trifle.png
http://www.rhubarbinfo.com:80/recipes	http://www.rhubarbinfo.com:80/files/icons/wrench.png
http://www.rhubarbinfo.com:80/recipes	http://www.rhubarbinfo.com:80/mini/icecream.png
http://www.rhubarbinfo.com:80/recipes	http://www.rhubarbinfo.com:80/mini/wine.png
http://www.rhubarbinfo.com:80/recipes	http://www.rhubarbinfo.com:80/mini/gruel.png
http://www.rhubarbinfo.com:80/recipes	http://www.rhubarbinfo.com:80/files/icons/wrench.png
http://www.rhubarbinfo.com:80/recipes	http://www.rhubarbinfo.com:80/mini/eats.png
http://www.rhubarbinfo.com:80/recipes	http://www.rhubarbinfo.com:80/mini/jam.png
http://www.rhubarbinfo.com:80/recipes/jam/	http://www.rhubarbinfo.com:80/images/point.gif
http://www.rhubarbinfo.com:80/recipes/jam/	http://www.rhubarbinfo.com:80/images/leaf001small.gif
http://www.rhubarbinfo.com:80/recipes/jam/	http://www.rhubarbinfo.com:80/ricons/jam.gif
http://www.rhubarbinfo.com:80/recipes/jam/	http://www.rhubarbinfo.com:80/ricons/jam.gif
http://www.rhubarbinfo.com:80/recipes/jam/	http://www.rhubarbinfo.com:80/ricons/jam.gif
http://www.rhubarbinfo.com:80/recipes/jam/	http://www.rhubarbinfo.com:80/ricons/jam.gif
http://www.rhubarbinfo.com:80/recipes/jam/	http://www.rhubarbinfo.com:80/ricons/jam.gif
http://www.rhubarbinfo.com:80/recipes/jam/	http://www.rhubarbinfo.com:80/ricons/jam.gif
http://www.rhubarbinfo.com:80/recipes/jam/	http://www.rhubarbinfo.com:80/ricons/jam.gif
http://www.rhubarbinfo.com:80/recipes/jam/	http://www.rhubarbinfo.com:80/ricons/jam.gif
http://www.rhubarbinfo.com:80/recipes/jam/	http://www.rhubarbinfo.com:80/ricons/jam.gif
http://www.rhubarbinfo.com:80/recipes/jam/	http://www.rhubarbinfo.com:80/ricons/jam.gif
http://www.rhubarbinfo.com:80/recipes/jam/	http://www.rhubarbinfo.com:80/ricons/jam.gif
http://www.rhubarbinfo.com:80/recipes/jam/	http://www.rhubarbinfo.com:80/ricons/jam.gif
http://www.rhubarbinfo.com:80/recipes/jam/	http://www.rhubarbinfo.com:80/ricons/jam.gif
http://www.rhubarbinfo.com:80/recipes/jam/	http://www.rhubarbinfo.com:80/ricons/jam.gif
http://www.rhubarbinfo.com:80/recipes/jam/	http://www.rhubarbinfo.com:80/ricons/jam.gif
http://www.rhubarbinfo.com:80/recipes/jam/	http://www.rhubarbinfo.com:80/ricons/jam.gif
http://www.rhubarbinfo.com:80/recipes/jam/	http://www.rhubarbinfo.com:80/ricons/jam.gif
http://www.rhubarbinfo.com:80/recipes/jam/	http://www.rhubarbinfo.com:80/ricons/jam.gif
http://www.rhubarbinfo.com:80/recipes/jam/	http://www.rhubarbinfo.com:80/ricons/jam.gif
http://www.rhubarbinfo.com:80/recipes/jam/	http://www.rhubarbinfo.com:80/ricons/jam.gif
http://www.rhubarbinfo.com:80/recipes/jam/	http://www.rhubarbinfo.com:80/ricons/jam.gif
http://www.rhubarbinfo.com:80/recipes/jam/	http://www.rhubarbinfo.com:80/ricons/jam.gif
http://www.rhubarbinfo.com:80/recipes/jam/	http://www.rhubarbinfo.com:80/ricons/jam.gif
http://www.rhubarbinfo.com:80/recipes/jam/	http://www.rhubarbinfo.com:80/ricons/jam.gif
http://www.rhubarbinfo.com:80/recipes/jam/	http://www.rhubarbinfo.com:80/ricons/jam.gif
http://www.rhubarbinfo.com:80/recipes/jam/	http://www.rhubarbinfo.com:80/ricons/jam.gif
http://www.rhubarbinfo.com:80/recipes/jam/	http://www.rhubarbinfo.com:80/ricons/jam.gif
http://www.rhubarbinfo.com:80/recipes/jam/	http://www.rhubarbinfo.com:80/ricons/jam.gif
http://www.rhubarbinfo.com:80/recipes/jam/	http://www.rhubarbinfo.com:80/ricons/jam.gif
http://www.rhubarbinfo.com:80/recipes/jam/	http://www.rhubarbinfo.com:80/ricons/jam.gif
http://www.rhubarbinfo.com:80/recipes/jam/	http://www.rhubarbinfo.com:80/ricons/jam.gif
http://www.rhubarbinfo.com:80/recipes/jam/	http://www.rhubarbinfo.com:80/ricons/jam.gif
http://www.rhubarbinfo.com:80/recipes/jam/	http://www.rhubarbinfo.com:80/ricons/jam.gif
http://www.rhubarbinfo.com:80/recipes/jam/	http://www.rhubarbinfo.com:80/ricons/jam.gif
http://www.rhubarbinfo.com:80/recipes/jam/	http://www.rhubarbinfo.com:80/ricons/jam.gif
http://www.rhubarbinfo.com:80/recipes/jam/	http://www.rhubarbinfo.com:80/ricons/jam.gif
http://www.rhubarbinfo.com:80/recipes/jam/	http://www.rhubarbinfo.com:80/ricons/jam.gif
http://www.rhubarbinfo.com:80/recipes/jam/	http://www.rhubarbinfo.com:80/ricons/jam.gif
http://www.rhubarbinfo.com:80/recipes/jam/	http://www.rhubarbinfo.com:80/ricons/jam.gif
http://www.rhubarbinfo.com:80/recipes/jam/	http://www.rhubarbinfo.com:80/ricons/jam.gif
http://www.rhubarbinfo.com:80/recipes/jam/	http://www.rhubarbinfo.com:80/ricons/jam.gif
http://www.rhubarbinfo.com:80/recipes/jam/	http://www.rhubarbinfo.com:80/bookstore/associate/1561482013_m.gif
http://www.rhubarbinfo.com:80/recipes/jam/	http://www.rhubarbinfo.com:80/bookstore/buy-the-book-cart.gif
http://www.rhubarbinfo.com:80/recipes/jam/	http://www.rhubarbinfo.com:80/ricons/page.gif
http://www.rhubarbinfo.com:80/recipes/jam/	http://www.rhubarbinfo.com:80/images/point.gif
http://www.rhubarbinfo.com:80/recipes/jam/	http://www.rhubarbinfo.com:80/images/small.onecupofbarb.noback.gif
http://www.rhubarbinfo.com:80/recipes/other/index.html	http://www.rhubarbinfo.com:80/recipes/other/images/point.gif
http://www.rhubarbinfo.com:80/recipes/other/index.html	http://www.rhubarbinfo.com:80/recipes/other/images/leaf001small.gif
http://www.rhubarbinfo.com:80/recipes/other/index.html	http://www.rhubarbinfo.com:80/recipes/other/images/point.gif
http://www.rhubarbinfo.com:80/recipes/other/index.html	http://www.rhubarbinfo.com:80/recipes/other/images/small.onecupofbarb.noback.gif
http://www.rhubarbinfo.com:80/recipes/pie/dyson.rhubarb.pie.01.html	http://www.rhubarbinfo.com:80/fs_img/fs2/freeserverslogo2.gif
http://www.rhubarbinfo.com:80/recipes/pie/dyson.rhubarb.pie.01.html	http://www.rhubarbinfo.com:80/cgi-bin/image/images/errorpage.gif
http://www.rhubarbinfo.com:80/recipes/pie/dyson.rhubarb.pie.01.html	http://www.rhubarbinfo.com:80/fs_img/fs2/donthaveaccount.gif
http://www.rhubarbinfo.com:80/recipes/pie/dyson.rhubarb.pie.01.html	http://www.rhubarbinfo.com:80/fs_img/fs2/signup_small.gif
http://www.rhubarbinfo.com:80/recipes/pie/dyson.rhubarb.pie.01.html	http://service.bfast.com/bfast/serve?bfmid=115759&sourceid=38526075&categoryid=auto_loan_land4
http://www.rhubarbinfo.com:80/recipes/pie/dyson.rhubarb.pie.01.html	http://www.lendingtree.com/common/bp/affiliates/120x600funA.gif
http://www.rhubarbinfo.com:80/recipes/pie/dyson.rhubarb.pie.01.html	http://statistics.s5.com/LENDING_EUTOWER1.html
http://www.rhubarbinfo.com:80/recipes/pie/dyson.rhubarb.pie.01.html	http://statistics.s5.com/tower_error404.html
http://www.rhubarbinfo.com:80/recipes/pie/	http://www.rhubarbinfo.com:80/images/point.gif
http://www.rhubarbinfo.com:80/recipes/pie/	http://www.rhubarbinfo.com:80/images/leaf001small.gif
http://www.rhubarbinfo.com:80/recipes/pie/	http://www.rhubarbinfo.com:80/ricons/pie.gif
http://www.rhubarbinfo.com:80/recipes/pie/	http://www.rhubarbinfo.com:80/ricons/pie.gif
http://www.rhubarbinfo.com:80/recipes/pie/	http://www.rhubarbinfo.com:80/ricons/pie.gif
http://www.rhubarbinfo.com:80/recipes/pie/	http://www.rhubarbinfo.com:80/ricons/pie.gif
http://www.rhubarbinfo.com:80/recipes/pie/	http://www.rhubarbinfo.com:80/ricons/pie.gif
http://www.rhubarbinfo.com:80/recipes/pie/	http://www.rhubarbinfo.com:80/ricons/pie.gif
http://www.rhubarbinfo.com:80/recipes/pie/	http://www.rhubarbinfo.com:80/ricons/pie.gif
http://www.rhubarbinfo.com:80/recipes/pie/	http://www.rhubarbinfo.com:80/ricons/pie.gif
http://www.rhubarbinfo.com:80/recipes/pie/	http://www.rhubarbinfo.com:80/ricons/pie.gif
http://www.rhubarbinfo.com:80/recipes/pie/	http://www.rhubarbinfo.com:80/ricons/pie.gif
http://www.rhubarbinfo.com:80/recipes/pie/	http://www.rhubarbinfo.com:80/ricons/pie.gif
http://www.rhubarbinfo.com:80/recipes/pie/	http://www.rhubarbinfo.com:80/ricons/pie.gif
http://www.rhubarbinfo.com:80/recipes/pie/	http://www.rhubarbinfo.com:80/ricons/pie.gif
http://www.rhubarbinfo.com:80/recipes/pie/	http://www.rhubarbinfo.com:80/ricons/pie.gif
http://www.rhubarbinfo.com:80/recipes/pie/	http://www.rhubarbinfo.com:80/ricons/pie.gif
http://www.rhubarbinfo.com:80/recipes/pie/	http://www.rhubarbinfo.com:80/ricons/pie.gif
http://www.rhubarbinfo.com:80/recipes/pie/	http://www.rhubarbinfo.com:80/ricons/pie.gif
http://www.rhubarbinfo.com:80/recipes/pie/	http://www.rhubarbinfo.com:80/ricons/pie.gif
http://www.rhubarbinfo.com:80/recipes/pie/	http://www.rhubarbinfo.com:80/ricons/pie.gif
http://www.rhubarbinfo.com:80/recipes/pie/	http://www.rhubarbinfo.com:80/ricons/pie.gif
http://www.rhubarbinfo.com:80/recipes/pie/	http://www.rhubarbinfo.com:80/ricons/pie.gif
http://www.rhubarbinfo.com:80/recipes/pie/	http://www.rhubarbinfo.com:80/ricons/pie.gif
http://www.rhubarbinfo.com:80/recipes/pie/	http://www.rhubarbinfo.com:80/ricons/pie.gif
http://www.rhubarbinfo.com:80/recipes/pie/	http://www.rhubarbinfo.com:80/ricons/pie.gif
http://www.rhubarbinfo.com:80/recipes/pie/	http://www.rhubarbinfo.com:80/ricons/pie.gif
http://www.rhubarbinfo.com:80/recipes/pie/	http://www.rhubarbinfo.com:80/ricons/pie.gif
http://www.rhubarbinfo.com:80/recipes/pie/	http://www.rhubarbinfo.com:80/ricons/pie.gif
http://www.rhubarbinfo.com:80/recipes/pie/	http://www.rhubarbinfo.com:80/ricons/pie.gif
http://www.rhubarbinfo.com:80/recipes/pie/	http://www.rhubarbinfo.com:80/ricons/pie.gif
http://www.rhubarbinfo.com:80/recipes/pie/	http://www.rhubarbinfo.com:80/ricons/pie.gif
http://www.rhubarbinfo.com:80/recipes/pie/	http://www.rhubarbinfo.com:80/ricons/pie.gif
http://www.rhubarbinfo.com:80/recipes/pie/	http://www.rhubarbinfo.com:80/ricons/pie.gif
http://www.rhubarbinfo.com:80/recipes/pie/	http://www.rhubarbinfo.com:80/ricons/pie.gif
http://www.rhubarbinfo.com:80/recipes/pie/	http://www.rhubarbinfo.com:80/ricons/pie.gif
http://www.rhubarbinfo.com:80/recipes/pie/	http://www.rhubarbinfo.com:80/ricons/pie.gif
http://www.rhubarbinfo.com:80/recipes/pie/	http://www.rhubarbinfo.com:80/ricons/pie.gif
http://www.rhubarbinfo.com:80/recipes/pie/	http://www.rhubarbinfo.com:80/ricons/pie.gif
http://www.rhubarbinfo.com:80/recipes/pie/	http://www.rhubarbinfo.com:80/ricons/pie.gif
http://www.rhubarbinfo.com:80/recipes/pie/	http://www.rhubarbinfo.com:80/ricons/pie.gif
http://www.rhubarbinfo.com:80/recipes/pie/	http://www.rhubarbinfo.com:80/ricons/pie.gif
http://www.rhubarbinfo.com:80/recipes/pie/	http://www.rhubarbinfo.com:80/ricons/pie.gif
http://www.rhubarbinfo.com:80/recipes/pie/	http://www.rhubarbinfo.com:80/ricons/pie.gif
http://www.rhubarbinfo.com:80/recipes/pie/	http://www.rhubarbinfo.com:80/ricons/pie.gif
http://www.rhubarbinfo.com:80/recipes/pie/	http://www.rhubarbinfo.com:80/ricons/pie.gif
http://www.rhubarbinfo.com:80/recipes/pie/	http://www.rhubarbinfo.com:80/ricons/pie.gif
http://www.rhubarbinfo.com:80/recipes/pie/	http://www.rhubarbinfo.com:80/ricons/pie.gif
http://www.rhubarbinfo.com:80/recipes/pie/	http://www.rhubarbinfo.com:80/ricons/pie.gif
http://www.rhubarbinfo.com:80/recipes/pie/	http://www.rhubarbinfo.com:80/ricons/pie.gif
http://www.rhubarbinfo.com:80/recipes/pie/	http://www.rhubarbinfo.com:80/ricons/pie.gif
http://www.rhubarbinfo.com:80/recipes/pie/	http://www.rhubarbinfo.com:80/ricons/pie.gif
http://www.rhubarbinfo.com:80/recipes/pie/	http://www.rhubarbinfo.com:80/ricons/pie.gif
http://www.rhubarbinfo.com:80/recipes/pie/	http://www.rhubarbinfo.com:80/ricons/pie.gif
http://www.rhubarbinfo.com:80/recipes/pie/	http://www.rhubarbinfo.com:80/bookstore/associate/1576300226_m.gif
http://www.rhubarbinfo.com:80/recipes/pie/	http://www.rhubarbinfo.com:80/bookstore/buy-the-book-cart.gif
http://www.rhubarbinfo.com:80/recipes/pie/	http://www.rhubarbinfo.com:80/ricons/page.gif
http://www.rhubarbinfo.com:80/recipes/pie/	http://www.rhubarbinfo.com:80/images/point.gif
http://www.rhubarbinfo.com:80/recipes/pie/	http://www.rhubarbinfo.com:80/images/small.onecupofbarb.noback.gif
http://www.rhubarbinfo.com:80/recipes/pie/rhubarb-search.html	http://www.rhubarbinfo.com:80/recipes/pie/images/point.gif
http://www.rhubarbinfo.com:80/recipes/pie/rhubarb-search.html	http://www.rhubarbinfo.com:80/recipes/pie/images/leaf001small.gif
http://www.rhubarbinfo.com:80/recipes/pie/rhubarb-search.html	http://www.rhubarbinfo.com:80/recipes/pie/images/point.gif
http://www.rhubarbinfo.com:80/recipes/pie/rhubarb-search.html	http://www.rhubarbinfo.com:80/recipes/pie/images/small.onecupofbarb.noback.gif
http://www.rhubarbinfo.com:80/recipes/pie/rhubarb.cream.pie.02.html	http://www.rhubarbinfo.com:80/fs_img/fs2/freeserverslogo2.gif
http://www.rhubarbinfo.com:80/recipes/pie/rhubarb.cream.pie.02.html	http://www.rhubarbinfo.com:80/cgi-bin/image/images/errorpage.gif
http://www.rhubarbinfo.com:80/recipes/pie/rhubarb.cream.pie.02.html	http://www.rhubarbinfo.com:80/fs_img/fs2/donthaveaccount.gif
http://www.rhubarbinfo.com:80/recipes/pie/rhubarb.cream.pie.02.html	http://www.rhubarbinfo.com:80/fs_img/fs2/signup_small.gif
http://www.rhubarbinfo.com:80/recipes/pie/rhubarb.cream.pie.02.html	http://service.bfast.com/bfast/serve?bfmid=115759&sourceid=38526075&categoryid=auto_loan_land8
http://www.rhubarbinfo.com:80/recipes/pie/rhubarb.cream.pie.02.html	http://www.lendingtree.com/common/bp/affiliates/120x600seriousA.gif
http://www.rhubarbinfo.com:80/recipes/pie/rhubarb.cream.pie.02.html	http://statistics.s5.com/LENDING_EUTOWER2.html
http://www.rhubarbinfo.com:80/recipes/pie/rhubarb.cream.pie.02.html	http://statistics.s5.com/tower_error404.html
http://www.rhubarbinfo.com:80/recipes/pie/rhubarb.sourcream.pie.01.html	http://www.rhubarbinfo.com:80/fs_img/fs2/freeserverslogo2.gif
http://www.rhubarbinfo.com:80/recipes/pie/rhubarb.sourcream.pie.01.html	http://www.rhubarbinfo.com:80/cgi-bin/image/images/errorpage.gif
http://www.rhubarbinfo.com:80/recipes/pie/rhubarb.sourcream.pie.01.html	http://www.rhubarbinfo.com:80/fs_img/fs2/donthaveaccount.gif
http://www.rhubarbinfo.com:80/recipes/pie/rhubarb.sourcream.pie.01.html	http://www.rhubarbinfo.com:80/fs_img/fs2/signup_small.gif
http://www.rhubarbinfo.com:80/recipes/pie/rhubarb.sourcream.pie.01.html	http://www.rhubarbinfo.com:80/fs_img/bh/bh_120x600_thomas.gif
http://www.rhubarbinfo.com:80/recipes/pie/rhubarb.sourcream.pie.01.html	http://statistics.s5.com/BHTOWER_EU.html
http://www.rhubarbinfo.com:80/recipes/pie/rhubarb.sourcream.pie.01.html	http://statistics.s5.com/tower_error404.html
http://www.rhubarbinfo.com:80/rhubarb-background.html	http://www.rhubarbinfo.com:80/images/rhubarbparts.gif
http://www.rhubarbinfo.com:80/rhubarb-background.html	http://www.rhubarbinfo.com:80/images/R051.jpg
http://www.rhubarbinfo.com:80/rhubarb-background.html	http://www.rhubarbinfo.com:80/images/R050.jpg
http://www.rhubarbinfo.com:80/rhubarb-background.html	http://www.rhubarbinfo.com:80/images/R604.jpg
http://www.rhubarbinfo.com:80/rhubarb-background.html	http://www.rhubarbinfo.com:80/images/R605.jpg
http://www.rhubarbinfo.com:80/rhubarb-background.html	http://www.rhubarbinfo.com:80/images/order_now.gif
http://rhubarbinfo.com:80/rhubarb-bacteria.html	http://rhubarbinfo.com:80/images/point.gif
http://rhubarbinfo.com:80/rhubarb-bacteria.html	http://rhubarbinfo.com:80/images/leaf001small.gif
http://rhubarbinfo.com:80/rhubarb-bacteria.html	http://rhubarbinfo.com:80/ricons/page.gif
http://rhubarbinfo.com:80/rhubarb-bacteria.html	http://rhubarbinfo.com:80/ricons/page.gif
http://rhubarbinfo.com:80/rhubarb-bacteria.html	http://rhubarbinfo.com:80/images/R007.jpg
http://rhubarbinfo.com:80/rhubarb-bacteria.html	http://rhubarbinfo.com:80/images/honeyfungus1.jpg
http://rhubarbinfo.com:80/rhubarb-bacteria.html	http://rhubarbinfo.com:80/images/conidia.jpg
http://rhubarbinfo.com:80/rhubarb-bacteria.html	http://rhubarbinfo.com:80/ricons/page.gif
http://rhubarbinfo.com:80/rhubarb-bacteria.html	http://rhubarbinfo.com:80/bookstore/associate/089721255x_m.gif
http://rhubarbinfo.com:80/rhubarb-bacteria.html	http://rhubarbinfo.com:80/images/point.gif
http://rhubarbinfo.com:80/rhubarb-bacteria.html	http://www.cookingaffiliates.com/images/120x60_vd.gif
http://rhubarbinfo.com:80/rhubarb-bacteria.html	http://rhubarbinfo.com:80/images/point.gif
http://rhubarbinfo.com:80/rhubarb-bacteria.html	http://www.goselectsource.com/linkshare/logos/Burpee125x60.gif
http://rhubarbinfo.com:80/rhubarb-bacteria.html	http://rhubarbinfo.com:80/images/point.gif
http://rhubarbinfo.com:80/rhubarb-bacteria.html	http://rhubarbinfo.com:80/spicerack/images/spice_xmas_3.gif
http://rhubarbinfo.com:80/rhubarb-bacteria.html	http://rhubarbinfo.com:80/images/point.gif
http://rhubarbinfo.com:80/rhubarb-bacteria.html	http://rhubarbinfo.com:80/bookstore/associate/amzno100x70.gif
http://rhubarbinfo.com:80/rhubarb-bacteria.html	http://rhubarbinfo.com:80/images/point.gif
http://rhubarbinfo.com:80/rhubarb-bacteria.html	http://rhubarbinfo.com:80/images/small.onecupofbarb.noback.gif
http://rhubarbinfo.com:80/rhubarb-bibliography.html	http://rhubarbinfo.com:80/fs_img/fs2/bannermap.gif
http://rhubarbinfo.com:80/rhubarb-bibliography.html	http://rhubarbinfo.com:80/fs_img/sponsor/iwin_underbar.gif
http://rhubarbinfo.com:80/rhubarb-bibliography.html	http://rhubarbinfo.com:80/images/point.gif
http://rhubarbinfo.com:80/rhubarb-bibliography.html	http://rhubarbinfo.com:80/images/leaf001small.gif
http://rhubarbinfo.com:80/rhubarb-bibliography.html	http://rhubarbinfo.com:80/ricons/rip02.gif
http://rhubarbinfo.com:80/rhubarb-bibliography.html	http://rhubarbinfo.com:80/images/point.gif
http://rhubarbinfo.com:80/rhubarb-bibliography.html	http://rhubarbinfo.com:80/images/small.onecupofbarb.noback.gif
http://www.rhubarbinfo.com:80/rhubarb-copyright.html	http://www.qksrv.net/image-848507-1179716
http://www.rhubarbinfo.com:80/rhubarb-copyright.html	http://www.rhubarbinfo.com:80/images/point.gif
http://www.rhubarbinfo.com:80/rhubarb-copyright.html	http://www.rhubarbinfo.com:80/images/leaf001small.gif
http://www.rhubarbinfo.com:80/rhubarb-copyright.html	http://www.rhubarbinfo.com:80/ricons/page.gif
http://www.rhubarbinfo.com:80/rhubarb-copyright.html	http://www.rhubarbinfo.com:80/ricons/page.gif
http://www.rhubarbinfo.com:80/rhubarb-copyright.html	http://www.rhubarbinfo.com:80/images/R003.jpg
http://www.rhubarbinfo.com:80/rhubarb-copyright.html	http://www.rhubarbinfo.com:80/images/point.gif
http://www.rhubarbinfo.com:80/rhubarb-copyright.html	http://www.rhubarbinfo.com:80/images/small.onecupofbarb.noback.gif
http://www.rhubarbinfo.com:80/rhubarb-festivals.html	http://www.rhubarbinfo.com:80/images/festivalmap.gif
http://www.rhubarbinfo.com:80/rhubarb-festivals.html	http://www.rhubarbinfo.com:80/images/order_now.gif
http://www.rhubarbinfo.com:80/rhubarb-food.html	http://www.rhubarbinfo.com:80/images/R501.jpg
http://www.rhubarbinfo.com:80/rhubarb-food.html	http://www.rhubarbinfo.com:80/images/R014.jpg
http://www.rhubarbinfo.com:80/rhubarb-food.html	http://www.rhubarbinfo.com:80/images/R036.jpg
http://www.rhubarbinfo.com:80/rhubarb-food.html	http://www.rhubarbinfo.com:80/images/order_now.gif
http://www.rhubarbinfo.com:80/rhubarb-forcing.html	http://www.rhubarbinfo.com:80/images/forcinghothouse.gif
http://www.rhubarbinfo.com:80/rhubarb-forcing.html	http://www.rhubarbinfo.com:80/images/R041.jpg
http://www.rhubarbinfo.com:80/rhubarb-forcing.html	http://www.rhubarbinfo.com:80/images/R042.jpg
http://www.rhubarbinfo.com:80/rhubarb-forcing.html	http://www.rhubarbinfo.com:80/images/t_new6.jpg
http://www.rhubarbinfo.com:80/rhubarb-forcing.html	http://www.rhubarbinfo.com:80/images/order_now.gif
http://www.rhubarbinfo.com:80/rhubarb-growing.html	http://www.rhubarbinfo.com:80/images/R500.jpg
http://www.rhubarbinfo.com:80/rhubarb-growing.html	http://www.rhubarbinfo.com:80/images/R011.jpg
http://www.rhubarbinfo.com:80/rhubarb-growing.html	http://www.rhubarbinfo.com:80/images/R013.jpg
http://www.rhubarbinfo.com:80/rhubarb-growing.html	http://www.rhubarbinfo.com:80/images/order_now.gif
http://www.rhubarbinfo.com:80/rhubarb-helpme.html	http://www.rhubarbinfo.com:80/ricons/smiley.gif
http://www.rhubarbinfo.com:80/rhubarb-helpme.html	http://www.rhubarbinfo.com:80/images/order_now.gif
http://www.rhubarbinfo.com:80/rhubarb-helpme.html	http://www.rhubarbinfo.com:80/ricons/smiley.gif
http://www.rhubarbinfo.com:80/rhubarb-helpme.html	http://s1.amazon.com/exec/varzea/tipbox/A3KUC8MQM5RTM6/T58HRYXHUHSEK
http://www.rhubarbinfo.com:80/rhubarb-helpme.html	http://www.rhubarbinfo.com:80/ricons/smiley.gif
http://www.rhubarbinfo.com:80/rhubarb-history.html	http://www.rhubarbinfo.com:80/images/R001.jpg
http://www.rhubarbinfo.com:80/rhubarb-history.html	http://www.rhubarbinfo.com:80/images/R002.jpg
http://www.rhubarbinfo.com:80/rhubarb-history.html	http://www.rhubarbinfo.com:80/images/order_now.gif
http://www.rhubarbinfo.com:80/rhubarb-insects.html	http://www.qksrv.net/image-848507-10345
http://www.rhubarbinfo.com:80/rhubarb-insects.html	http://www.rhubarbinfo.com:80/images/point.gif
http://www.rhubarbinfo.com:80/rhubarb-insects.html	http://www.rhubarbinfo.com:80/images/leaf001small.gif
http://www.rhubarbinfo.com:80/rhubarb-insects.html	http://www.rhubarbinfo.com:80/ricons/page.gif
http://www.rhubarbinfo.com:80/rhubarb-insects.html	http://www.rhubarbinfo.com:80/images/curculio.jpg
http://www.rhubarbinfo.com:80/rhubarb-insects.html	http://www.rhubarbinfo.com:80/images/greenaphid.jpg
http://www.rhubarbinfo.com:80/rhubarb-insects.html	http://www.rhubarbinfo.com:80/ricons/mini76.gif
http://www.rhubarbinfo.com:80/rhubarb-insects.html	http://www.rhubarbinfo.com:80/ricons/mini76.gif
http://www.rhubarbinfo.com:80/rhubarb-insects.html	http://www.rhubarbinfo.com:80/ricons/mini76.gif
http://www.rhubarbinfo.com:80/rhubarb-insects.html	http://www.rhubarbinfo.com:80/images/R009.jpg
http://www.rhubarbinfo.com:80/rhubarb-insects.html	http://www.rhubarbinfo.com:80/images/R029.jpg
http://www.rhubarbinfo.com:80/rhubarb-insects.html	http://www.rhubarbinfo.com:80/ricons/mini76.gif
http://www.rhubarbinfo.com:80/rhubarb-insects.html	http://www.rhubarbinfo.com:80/ricons/mini76.gif
http://www.rhubarbinfo.com:80/rhubarb-insects.html	http://www.rhubarbinfo.com:80/ricons/mini76.gif
http://www.rhubarbinfo.com:80/rhubarb-insects.html	http://www.rhubarbinfo.com:80/ricons/mini76.gif
http://www.rhubarbinfo.com:80/rhubarb-insects.html	http://www.rhubarbinfo.com:80/ricons/mini76.gif
http://www.rhubarbinfo.com:80/rhubarb-insects.html	http://www.rhubarbinfo.com:80/ricons/mini76.gif
http://www.rhubarbinfo.com:80/rhubarb-insects.html	http://www.rhubarbinfo.com:80/bookstore/associate/1570610118_m.gif
http://www.rhubarbinfo.com:80/rhubarb-insects.html	http://www.rhubarbinfo.com:80/ricons/tomato.gif
http://www.rhubarbinfo.com:80/rhubarb-insects.html	http://www.rhubarbinfo.com:80/images/japanesebeetle.gif
http://www.rhubarbinfo.com:80/rhubarb-insects.html	http://www.rhubarbinfo.com:80/images/R027.jpg
http://www.rhubarbinfo.com:80/rhubarb-insects.html	http://www.rhubarbinfo.com:80/ricons/mini76.gif
http://www.rhubarbinfo.com:80/rhubarb-insects.html	http://www.rhubarbinfo.com:80/ricons/mini76.gif
http://www.rhubarbinfo.com:80/rhubarb-insects.html	http://www.rhubarbinfo.com:80/images/fleabeetle.gif
http://www.rhubarbinfo.com:80/rhubarb-insects.html	http://www.rhubarbinfo.com:80/images/stalkborer.mod.jpg
http://www.rhubarbinfo.com:80/rhubarb-insects.html	http://www.rhubarbinfo.com:80/ricons/mini76.gif
http://www.rhubarbinfo.com:80/rhubarb-insects.html	http://www.rhubarbinfo.com:80/ricons/mini76.gif
http://www.rhubarbinfo.com:80/rhubarb-insects.html	http://www.rhubarbinfo.com:80/ricons/mini76.gif
http://www.rhubarbinfo.com:80/rhubarb-insects.html	http://www.rhubarbinfo.com:80/images/ECB.jpg
http://www.rhubarbinfo.com:80/rhubarb-insects.html	http://www.rhubarbinfo.com:80/images/yellow.woolley.bear.moth.jpg
http://www.rhubarbinfo.com:80/rhubarb-insects.html	http://www.rhubarbinfo.com:80/images/leafhopper.jpg
http://www.rhubarbinfo.com:80/rhubarb-insects.html	http://www.rhubarbinfo.com:80/images/crn_armyworm_larva.jpg
http://www.rhubarbinfo.com:80/rhubarb-insects.html	http://www.rhubarbinfo.com:80/images/crn_glassy_cutworm.jpg
http://www.rhubarbinfo.com:80/rhubarb-insects.html	http://www.rhubarbinfo.com:80/ricons/mini76.gif
http://www.rhubarbinfo.com:80/rhubarb-insects.html	http://www.rhubarbinfo.com:80/ricons/mini76.gif
http://www.rhubarbinfo.com:80/rhubarb-insects.html	http://www.rhubarbinfo.com:80/ricons/mini76.gif
http://www.rhubarbinfo.com:80/rhubarb-insects.html	http://www.rhubarbinfo.com:80/images/7033011.jpg
http://www.rhubarbinfo.com:80/rhubarb-insects.html	http://www.rhubarbinfo.com:80/bookstore/associate/1580080227_m.gif
http://www.rhubarbinfo.com:80/rhubarb-insects.html	http://www.rhubarbinfo.com:80/bookstore/associate/0875967531_m.gif
http://www.rhubarbinfo.com:80/rhubarb-insects.html	http://www.rhubarbinfo.com:80/images/point.gif
http://www.rhubarbinfo.com:80/rhubarb-insects.html	http://www.cookingaffiliates.com/images/120x60_vd.gif
http://www.rhubarbinfo.com:80/rhubarb-insects.html	http://www.rhubarbinfo.com:80/images/point.gif
http://www.rhubarbinfo.com:80/rhubarb-insects.html	http://www.goselectsource.com/linkshare/logos/Burpee125x60.gif
http://www.rhubarbinfo.com:80/rhubarb-insects.html	http://www.rhubarbinfo.com:80/images/point.gif
http://www.rhubarbinfo.com:80/rhubarb-insects.html	http://www.rhubarbinfo.com:80/spicerack/images/spice_xmas_3.gif
http://www.rhubarbinfo.com:80/rhubarb-insects.html	http://www.rhubarbinfo.com:80/images/point.gif
http://www.rhubarbinfo.com:80/rhubarb-insects.html	http://www.rhubarbinfo.com:80/bookstore/associate/amzno100x70.gif
http://www.rhubarbinfo.com:80/rhubarb-insects.html	http://www.rhubarbinfo.com:80/images/point.gif
http://www.rhubarbinfo.com:80/rhubarb-insects.html	http://www.rhubarbinfo.com:80/images/small.onecupofbarb.noback.gif
http://www.rhubarbinfo.com:80/rhubarb-medicinal.html	http://www.rhubarbinfo.com:80/images/R504.jpg
http://www.rhubarbinfo.com:80/rhubarb-medicinal.html	http://www.rhubarbinfo.com:80/images/order_now.gif
http://www.rhubarbinfo.com:80/rhubarb-notes.html	http://www.rhubarbinfo.com:80/fs_img/sponsor/godaddy120.gif
http://www.rhubarbinfo.com:80/rhubarb-notes.html	http://www.rhubarbinfo.com:80/images/point.gif
http://www.rhubarbinfo.com:80/rhubarb-notes.html	http://www.rhubarbinfo.com:80/images/leaf001small.gif
http://www.rhubarbinfo.com:80/rhubarb-notes.html	http://www.rhubarbinfo.com:80/ricons/page.gif
http://www.rhubarbinfo.com:80/rhubarb-notes.html	http://www.rhubarbinfo.com:80/ricons/page.gif
http://www.rhubarbinfo.com:80/rhubarb-notes.html	http://www.rhubarbinfo.com:80/images/stalks-red.gif
http://www.rhubarbinfo.com:80/rhubarb-notes.html	http://www.rhubarbinfo.com:80/images/point.gif
http://www.rhubarbinfo.com:80/rhubarb-notes.html	http://www.rhubarbinfo.com:80/images/small.onecupofbarb.noback.gif
http://www.rhubarbinfo.com:80/rhubarb-permission.html	http://www.rhubarbinfo.com:80/images/R500.jpg
http://www.rhubarbinfo.com:80/rhubarb-permission.html	http://www.rhubarbinfo.com:80/images/R501.jpg
http://www.rhubarbinfo.com:80/rhubarb-permission.html	http://www.rhubarbinfo.com:80/images/R502.jpg
http://www.rhubarbinfo.com:80/rhubarb-permission.html	http://www.rhubarbinfo.com:80/images/R503.jpg
http://www.rhubarbinfo.com:80/rhubarb-permission.html	http://www.rhubarbinfo.com:80/images/R505.jpg
http://www.rhubarbinfo.com:80/rhubarb-permission.html	http://www.rhubarbinfo.com:80/images/R002.jpg
http://www.rhubarbinfo.com:80/rhubarb-permission.html	http://www.rhubarbinfo.com:80/images/R504.jpg
http://www.rhubarbinfo.com:80/rhubarb-permission.html	http://www.rhubarbinfo.com:80/images/driedroot.gif
http://www.rhubarbinfo.com:80/rhubarb-permission.html	http://www.rhubarbinfo.com:80/images/R604.jpg
http://www.rhubarbinfo.com:80/rhubarb-permission.html	http://www.rhubarbinfo.com:80/images/R605.jpg
http://www.rhubarbinfo.com:80/rhubarb-permission.html	http://www.rhubarbinfo.com:80/images/R606.jpg
http://www.rhubarbinfo.com:80/rhubarb-permission.html	http://www.rhubarbinfo.com:80/images/R600.jpg
http://www.rhubarbinfo.com:80/rhubarb-permission.html	http://www.rhubarbinfo.com:80/images/ECB.jpg
http://www.rhubarbinfo.com:80/rhubarb-permission.html	http://www.rhubarbinfo.com:80/images/7033011.jpg
http://www.rhubarbinfo.com:80/rhubarb-permission.html	http://www.rhubarbinfo.com:80/images/stalkborer.jpg
http://www.rhubarbinfo.com:80/rhubarb-permission.html	http://www.rhubarbinfo.com:80/images/curculio.jpg
http://www.rhubarbinfo.com:80/rhubarb-pests.html	http://www.rhubarbinfo.com:80/fs_img/sponsor/godaddy120.gif
http://www.rhubarbinfo.com:80/rhubarb-pests.html	http://www.rhubarbinfo.com:80/images/point.gif
http://www.rhubarbinfo.com:80/rhubarb-pests.html	http://www.rhubarbinfo.com:80/images/leaf001small.gif
http://www.rhubarbinfo.com:80/rhubarb-pests.html	http://www.rhubarbinfo.com:80/ricons/page.gif
http://www.rhubarbinfo.com:80/rhubarb-pests.html	http://www.rhubarbinfo.com:80/bookstore/associate/1556523025_m.gif
http://www.rhubarbinfo.com:80/rhubarb-pests.html	http://www.rhubarbinfo.com:80/ricons/page.gif
http://www.rhubarbinfo.com:80/rhubarb-pests.html	http://www.rhubarbinfo.com:80/ricons/mini76.gif
http://www.rhubarbinfo.com:80/rhubarb-pests.html	http://www.rhubarbinfo.com:80/images/point.gif
http://www.rhubarbinfo.com:80/rhubarb-pests.html	http://www.cookingaffiliates.com/images/120x60_vd.gif
http://www.rhubarbinfo.com:80/rhubarb-pests.html	http://www.rhubarbinfo.com:80/images/point.gif
http://www.rhubarbinfo.com:80/rhubarb-pests.html	http://www.goselectsource.com/linkshare/logos/Burpee125x60.gif
http://www.rhubarbinfo.com:80/rhubarb-pests.html	http://www.rhubarbinfo.com:80/images/point.gif
http://www.rhubarbinfo.com:80/rhubarb-pests.html	http://www.rhubarbinfo.com:80/spicerack/images/spice_xmas_3.gif
http://www.rhubarbinfo.com:80/rhubarb-pests.html	http://www.rhubarbinfo.com:80/images/point.gif
http://www.rhubarbinfo.com:80/rhubarb-pests.html	http://www.rhubarbinfo.com:80/bookstore/associate/amzno100x70.gif
http://www.rhubarbinfo.com:80/rhubarb-pests.html	http://www.rhubarbinfo.com:80/images/point.gif
http://www.rhubarbinfo.com:80/rhubarb-pests.html	http://www.rhubarbinfo.com:80/images/small.onecupofbarb.noback.gif
http://www.rhubarbinfo.com/rhubarb-poison.html	http://www.rhubarbinfo.com/images/R023.jpg
http://www.rhubarbinfo.com/rhubarb-poison.html	http://www.rhubarbinfo.com/images/oxalicacid.gif
http://www.rhubarbinfo.com/rhubarb-poison.html	http://www.rhubarbinfo.com/images/R035.jpg
http://www.rhubarbinfo.com/rhubarb-poison.html	http://www.rhubarbinfo.com/images/R503.jpg
http://www.rhubarbinfo.com/rhubarb-poison.html	http://www.rhubarbinfo.com/images/order_now.gif
http://www.rhubarbinfo.com:80/rhubarb-problems.html	http://www.rhubarbinfo.com:80/fs_img/dc.gif
http://www.rhubarbinfo.com:80/rhubarb-problems.html	http://www.rhubarbinfo.com/cgi-bin/fsbar
http://www.rhubarbinfo.com:80/rhubarb-problems.html	http://www.rhubarbinfo.com:80/images/leaf001.jpg
http://www.rhubarbinfo.com:80/rhubarb-problems.html	http://www.rhubarbinfo.com:80/images/url.gif
http://www.rhubarbinfo.com:80/rhubarb-problems.html	http://www.rhubarbinfo.com:80/images/weed.dandelion.gif
http://www.rhubarbinfo.com:80/rhubarb-problems.html	http://www.rhubarbinfo.com:80/ricons/mini76.gif
http://www.rhubarbinfo.com:80/rhubarb-problems.html	http://www.rhubarbinfo.com:80/ricons/mini76.gif
http://www.rhubarbinfo.com:80/rhubarb-problems.html	http://www.rhubarbinfo.com:80/images/mulch.gif
http://www.rhubarbinfo.com:80/rhubarb-problems.html	http://www.rhubarbinfo.com:80/ricons/mini76.gif
http://www.rhubarbinfo.com:80/rhubarb-problems.html	http://www.rhubarbinfo.com:80/ricons/mini76.gif
http://www.rhubarbinfo.com:80/rhubarb-problems.html	http://www.rhubarbinfo.com:80/bookstore/associate/0137540035_m.gif
http://www.rhubarbinfo.com:80/rhubarb-problems.html	http://www.rhubarbinfo.com:80/bookstore/buy-the-book-cart.gif
http://www.rhubarbinfo.com:80/rhubarb-problems.html	http://www.rhubarbinfo.com:80/ricons/right.gif
http://www.rhubarbinfo.com:80/rhubarb-problems.html	http://www.rhubarbinfo.com:80/images/R007.jpg
http://www.rhubarbinfo.com:80/rhubarb-problems.html	http://www.rhubarbinfo.com:80/images/honeyfungus1.jpg
http://www.rhubarbinfo.com:80/rhubarb-problems.html	http://www.rhubarbinfo.com:80/images/conidia.jpg
http://www.rhubarbinfo.com:80/rhubarb-problems.html	http://www.rhubarbinfo.com:80/bookstore/associate/089721255x_m.gif
http://www.rhubarbinfo.com:80/rhubarb-problems.html	http://www.rhubarbinfo.com:80/bookstore/buy-the-book-cart.gif
http://www.rhubarbinfo.com:80/rhubarb-problems.html	http://www.rhubarbinfo.com:80/ricons/right.gif
http://www.rhubarbinfo.com:80/rhubarb-problems.html	http://www.rhubarbinfo.com:80/images/curculio.jpg
http://www.rhubarbinfo.com:80/rhubarb-problems.html	http://www.rhubarbinfo.com:80/images/insect2_7.jpg
http://www.rhubarbinfo.com:80/rhubarb-problems.html	http://www.rhubarbinfo.com:80/ricons/mini76.gif
http://www.rhubarbinfo.com:80/rhubarb-problems.html	http://www.rhubarbinfo.com:80/images/R009.jpg
http://www.rhubarbinfo.com:80/rhubarb-problems.html	http://www.rhubarbinfo.com:80/ricons/mini76.gif
http://www.rhubarbinfo.com:80/rhubarb-problems.html	http://www.rhubarbinfo.com:80/ricons/mini76.gif
http://www.rhubarbinfo.com:80/rhubarb-problems.html	http://www.rhubarbinfo.com:80/images/R029.jpg
http://www.rhubarbinfo.com:80/rhubarb-problems.html	http://www.rhubarbinfo.com:80/ricons/mini76.gif
http://www.rhubarbinfo.com:80/rhubarb-problems.html	http://www.rhubarbinfo.com:80/ricons/mini76.gif
http://www.rhubarbinfo.com:80/rhubarb-problems.html	http://www.rhubarbinfo.com:80/ricons/mini76.gif
http://www.rhubarbinfo.com:80/rhubarb-problems.html	http://www.rhubarbinfo.com:80/ricons/mini76.gif
http://www.rhubarbinfo.com:80/rhubarb-problems.html	http://www.rhubarbinfo.com:80/ricons/mini76.gif
http://www.rhubarbinfo.com:80/rhubarb-problems.html	http://www.rhubarbinfo.com:80/ricons/mini76.gif
http://www.rhubarbinfo.com:80/rhubarb-problems.html	http://www.rhubarbinfo.com:80/ricons/tomato.gif
http://www.rhubarbinfo.com:80/rhubarb-problems.html	http://www.rhubarbinfo.com:80/bookstore/associate/1570610118_m.gif
http://www.rhubarbinfo.com:80/rhubarb-problems.html	http://www.rhubarbinfo.com:80/bookstore/buy-the-book-cart.gif
http://www.rhubarbinfo.com:80/rhubarb-problems.html	http://www.rhubarbinfo.com:80/ricons/right.gif
http://www.rhubarbinfo.com:80/rhubarb-problems.html	http://www.rhubarbinfo.com:80/images/japanesebeetle.gif
http://www.rhubarbinfo.com:80/rhubarb-problems.html	http://www.rhubarbinfo.com:80/images/R027.jpg
http://www.rhubarbinfo.com:80/rhubarb-problems.html	http://www.rhubarbinfo.com:80/ricons/mini76.gif
http://www.rhubarbinfo.com:80/rhubarb-problems.html	http://www.rhubarbinfo.com:80/ricons/mini76.gif
http://www.rhubarbinfo.com:80/rhubarb-problems.html	http://www.rhubarbinfo.com:80/images/fleabeetle.gif
http://www.rhubarbinfo.com:80/rhubarb-problems.html	http://www.rhubarbinfo.com:80/images/stalkborer.jpg
http://www.rhubarbinfo.com:80/rhubarb-problems.html	http://www.rhubarbinfo.com:80/ricons/mini76.gif
http://www.rhubarbinfo.com:80/rhubarb-problems.html	http://www.rhubarbinfo.com:80/ricons/mini76.gif
http://www.rhubarbinfo.com:80/rhubarb-problems.html	http://www.rhubarbinfo.com:80/ricons/mini76.gif
http://www.rhubarbinfo.com:80/rhubarb-problems.html	http://www.rhubarbinfo.com:80/images/ECB.jpg
http://www.rhubarbinfo.com:80/rhubarb-problems.html	http://www.rhubarbinfo.com:80/images/yellow.woolley.bear.moth.jpg
http://www.rhubarbinfo.com:80/rhubarb-problems.html	http://www.rhubarbinfo.com:80/images/leafhopper.jpg
http://www.rhubarbinfo.com:80/rhubarb-problems.html	http://www.rhubarbinfo.com:80/images/crn_armyworm_larva.jpg
http://www.rhubarbinfo.com:80/rhubarb-problems.html	http://www.rhubarbinfo.com:80/images/crn_glassy_cutworm.jpg
http://www.rhubarbinfo.com:80/rhubarb-problems.html	http://www.rhubarbinfo.com:80/ricons/mini76.gif
http://www.rhubarbinfo.com:80/rhubarb-problems.html	http://www.rhubarbinfo.com:80/ricons/mini76.gif
http://www.rhubarbinfo.com:80/rhubarb-problems.html	http://www.rhubarbinfo.com:80/ricons/mini76.gif
http://www.rhubarbinfo.com:80/rhubarb-problems.html	http://www.rhubarbinfo.com:80/images/7033011.jpg
http://www.rhubarbinfo.com:80/rhubarb-problems.html	http://www.rhubarbinfo.com:80/bookstore/associate/1580080227_m.gif
http://www.rhubarbinfo.com:80/rhubarb-problems.html	http://www.rhubarbinfo.com:80/bookstore/buy-the-book-cart.gif
http://www.rhubarbinfo.com:80/rhubarb-problems.html	http://www.rhubarbinfo.com:80/ricons/right.gif
http://www.rhubarbinfo.com:80/rhubarb-problems.html	http://www.rhubarbinfo.com:80/bookstore/associate/1556523025_m.gif
http://www.rhubarbinfo.com:80/rhubarb-problems.html	http://www.rhubarbinfo.com:80/bookstore/buy-the-book-cart.gif
http://www.rhubarbinfo.com:80/rhubarb-problems.html	http://www.rhubarbinfo.com:80/ricons/right.gif
http://www.rhubarbinfo.com:80/rhubarb-problems.html	http://www.rhubarbinfo.com:80/ricons/mini76.gif
http://www.rhubarbinfo.com:80/rhubarb-problems.html	http://www.rhubarbinfo.com:80/bookstore/associate/0875967531_m.gif
http://www.rhubarbinfo.com:80/rhubarb-problems.html	http://www.rhubarbinfo.com:80/bookstore/buy-the-book-cart.gif
http://www.rhubarbinfo.com:80/rhubarb-problems.html	http://www.rhubarbinfo.com:80/ricons/right.gif
http://www.rhubarbinfo.com:80/rhubarb-problems.html	http://www.rhubarbinfo.com:80/images/leaves.gif
http://www.rhubarbinfo.com:80/rhubarb-problems.html	http://www.rhubarbinfo.com:80/images/small.onecupofbarb.noback.gif
http://www.rhubarbinfo.com:80/rhubarb-propagation.html	http://www.rhubarbinfo.com:80/images/R003.jpg
http://www.rhubarbinfo.com:80/rhubarb-propagation.html	http://www.rhubarbinfo.com:80/ricons/paw.gif
http://www.rhubarbinfo.com:80/rhubarb-propagation.html	http://www.rhubarbinfo.com:80/images/R025.jpg
http://www.rhubarbinfo.com:80/rhubarb-propagation.html	http://www.rhubarbinfo.com:80/images/R045.jpg
http://www.rhubarbinfo.com:80/rhubarb-propagation.html	http://www.rhubarbinfo.com:80/images/R046.jpg
http://www.rhubarbinfo.com:80/rhubarb-propagation.html	http://www.rhubarbinfo.com:80/images/R047.jpg
http://www.rhubarbinfo.com:80/rhubarb-propagation.html	http://www.rhubarbinfo.com:80/images/R048.jpg
http://www.rhubarbinfo.com:80/rhubarb-propagation.html	http://www.rhubarbinfo.com:80/images/R049.jpg
http://www.rhubarbinfo.com:80/rhubarb-propagation.html	http://www.rhubarbinfo.com:80/images/R004.jpg
http://www.rhubarbinfo.com:80/rhubarb-propagation.html	http://www.rhubarbinfo.com:80/ricons/trowel.gif
http://www.rhubarbinfo.com:80/rhubarb-propagation.html	http://www.rhubarbinfo.com:80/images/R044.jpg
http://www.rhubarbinfo.com:80/rhubarb-propagation.html	http://www.rhubarbinfo.com:80/images/R033.jpg
http://www.rhubarbinfo.com:80/rhubarb-propagation.html	http://www.rhubarbinfo.com:80/images/R016.jpg
http://www.rhubarbinfo.com:80/rhubarb-propagation.html	http://www.rhubarbinfo.com:80/images/R017.jpg
http://www.rhubarbinfo.com:80/rhubarb-propagation.html	http://www.rhubarbinfo.com:80/images/R020.jpg
http://www.rhubarbinfo.com:80/rhubarb-propagation.html	http://www.rhubarbinfo.com:80/images/R005.jpg
http://www.rhubarbinfo.com:80/rhubarb-propagation.html	http://www.rhubarbinfo.com:80/ricons/link.gif
http://www.rhubarbinfo.com:80/rhubarb-propagation.html	http://www.rhubarbinfo.com:80/images/order_now.gif
http://www.rhubarbinfo.com:80/rhubarb-search.html	http://www.rhubarbinfo.com:80/images/point.gif
http://www.rhubarbinfo.com:80/rhubarb-search.html	http://www.rhubarbinfo.com:80/images/leaf001small.gif
http://www.rhubarbinfo.com:80/rhubarb-search.html	http://www.rhubarbinfo.com:80/images/point.gif
http://www.rhubarbinfo.com:80/rhubarb-search.html	http://www.rhubarbinfo.com:80/images/small.onecupofbarb.noback.gif
http://www.rhubarbinfo.com:80/rhubarb-sources.html	http://www.rhubarbinfo.com:80/ricons/Th_up.gif
http://www.rhubarbinfo.com:80/rhubarb-sources.html	http://www.rhubarbinfo.com:80/ricons/Th_up.gif
http://www.rhubarbinfo.com:80/rhubarb-sources.html	http://www.rhubarbinfo.com:80/ricons/Th_up.gif
http://www.rhubarbinfo.com:80/rhubarb-sources.html	http://www.rhubarbinfo.com:80/ricons/Th_up.gif
http://www.rhubarbinfo.com:80/rhubarb-sources.html	http://www.rhubarbinfo.com:80/ricons/Th_up.gif
http://www.rhubarbinfo.com:80/rhubarb-sources.html	http://www.rhubarbinfo.com:80/ricons/Th_up.gif
http://www.rhubarbinfo.com:80/rhubarb-sources.html	http://www.rhubarbinfo.com:80/ricons/Th_up.gif
http://www.rhubarbinfo.com:80/rhubarb-sources.html	http://www.rhubarbinfo.com:80/ricons/Th_up.gif
http://www.rhubarbinfo.com:80/rhubarb-sources.html	http://www.rhubarbinfo.com:80/ricons/Th_up.gif
http://www.rhubarbinfo.com:80/rhubarb-sources.html	http://www.rhubarbinfo.com:80/ricons/Th_up.gif
http://www.rhubarbinfo.com:80/rhubarb-sources.html	http://www.rhubarbinfo.com:80/ricons/Th_up.gif
http://www.rhubarbinfo.com:80/rhubarb-sources.html	http://www.rhubarbinfo.com:80/ricons/Th_up.gif
http://www.rhubarbinfo.com:80/rhubarb-sources.html	http://www.rhubarbinfo.com:80/ricons/Th_up.gif
http://www.rhubarbinfo.com:80/rhubarb-sources.html	http://www.rhubarbinfo.com:80/ricons/Th_up.gif
http://www.rhubarbinfo.com:80/rhubarb-sources.html	http://www.rhubarbinfo.com:80/ricons/Th_up.gif
http://www.rhubarbinfo.com:80/rhubarb-sources.html	http://www.rhubarbinfo.com:80/ricons/Th_up.gif
http://www.rhubarbinfo.com:80/rhubarb-sources.html	http://www.rhubarbinfo.com:80/ricons/Th_up.gif
http://www.rhubarbinfo.com:80/rhubarb-sources.html	http://www.rhubarbinfo.com:80/ricons/Th_up.gif
http://www.rhubarbinfo.com:80/rhubarb-sources.html	http://www.rhubarbinfo.com:80/ricons/Th_up.gif
http://www.rhubarbinfo.com:80/rhubarb-sources.html	http://www.rhubarbinfo.com:80/ricons/Th_up.gif
http://www.rhubarbinfo.com:80/rhubarb-sources.html	http://www.rhubarbinfo.com:80/images/order_now.gif
http://www.rhubarbinfo.com:80/rhubarb-uses.html	http://www.rhubarbinfo.com:80/images/R606.jpg
http://www.rhubarbinfo.com:80/rhubarb-uses.html	http://www.rhubarbinfo.com:80/images/R600.jpg
http://www.rhubarbinfo.com:80/rhubarb-uses.html	http://www.rhubarbinfo.com:80/images/R502.jpg
http://www.rhubarbinfo.com:80/rhubarb-uses.html	http://www.rhubarbinfo.com:80/images/bbppr2.GIF
http://www.rhubarbinfo.com:80/rhubarb-uses.html	http://www.rhubarbinfo.com:80/images/order_now.gif
http://www.rhubarbinfo.com:80/rhubarb-varieties.html	http://www.rhubarbinfo.com:80/ricons/frowny.gif
http://www.rhubarbinfo.com:80/rhubarb-varieties.html	http://www.rhubarbinfo.com:80/images/stalks-red.gif
http://www.rhubarbinfo.com:80/rhubarb-varieties.html	http://www.rhubarbinfo.com:80/images/stalks-green.gif
http://www.rhubarbinfo.com:80/rhubarb-varieties.html	http://www.rhubarbinfo.com:80/ricons/frowny.gif
http://www.rhubarbinfo.com:80/rhubarb-varieties.html	http://www.rhubarbinfo.com:80/ricons/frowny.gif
http://www.rhubarbinfo.com:80/rhubarb-varieties.html	http://www.rhubarbinfo.com:80/ricons/frowny.gif
http://www.rhubarbinfo.com:80/rhubarb-varieties.html	http://www.rhubarbinfo.com:80/ricons/frowny.gif
http://www.rhubarbinfo.com:80/rhubarb-varieties.html	http://www.rhubarbinfo.com:80/ricons/frowny.gif
http://www.rhubarbinfo.com:80/rhubarb-varieties.html	http://www.rhubarbinfo.com:80/images/order_now.gif
http://www.rhubarbinfo.com:80/rhubarb-weeds.html	http://service.bfast.com/bfast/serve?bfmid=599904&siteid=33558068&bfpage=bgame
http://www.rhubarbinfo.com:80/rhubarb-weeds.html	http://ads.bfast.com/clients/affiliate_recruiters/BGame120.gif
http://www.rhubarbinfo.com:80/rhubarb-weeds.html	http://www.rhubarbinfo.com:80/images/point.gif
http://www.rhubarbinfo.com:80/rhubarb-weeds.html	http://www.rhubarbinfo.com:80/images/leaf001small.gif
http://www.rhubarbinfo.com:80/rhubarb-weeds.html	http://www.rhubarbinfo.com:80/ricons/page.gif
http://www.rhubarbinfo.com:80/rhubarb-weeds.html	http://www.rhubarbinfo.com:80/images/weed.dandelion.jpg
http://www.rhubarbinfo.com:80/rhubarb-weeds.html	http://www.rhubarbinfo.com:80/ricons/mini76.gif
http://www.rhubarbinfo.com:80/rhubarb-weeds.html	http://www.rhubarbinfo.com:80/ricons/mini76.gif
http://www.rhubarbinfo.com:80/rhubarb-weeds.html	http://www.rhubarbinfo.com:80/images/mulch.jpg
http://www.rhubarbinfo.com:80/rhubarb-weeds.html	http://www.rhubarbinfo.com:80/bookstore/associate/0137540035_m.gif
http://www.rhubarbinfo.com:80/rhubarb-weeds.html	http://www.rhubarbinfo.com:80/ricons/mini76.gif
http://www.rhubarbinfo.com:80/rhubarb-weeds.html	http://www.rhubarbinfo.com:80/ricons/mini76.gif
http://www.rhubarbinfo.com:80/rhubarb-weeds.html	http://www.rhubarbinfo.com:80/images/point.gif
http://www.rhubarbinfo.com:80/rhubarb-weeds.html	http://www.cookingaffiliates.com/images/120x60_vd.gif
http://www.rhubarbinfo.com:80/rhubarb-weeds.html	http://www.rhubarbinfo.com:80/images/point.gif
http://www.rhubarbinfo.com:80/rhubarb-weeds.html	http://www.goselectsource.com/linkshare/logos/Burpee125x60.gif
http://www.rhubarbinfo.com:80/rhubarb-weeds.html	http://www.rhubarbinfo.com:80/images/point.gif
http://www.rhubarbinfo.com:80/rhubarb-weeds.html	http://www.rhubarbinfo.com:80/spicerack/images/spice_xmas_3.gif
http://www.rhubarbinfo.com:80/rhubarb-weeds.html	http://www.rhubarbinfo.com:80/images/point.gif
http://www.rhubarbinfo.com:80/rhubarb-weeds.html	http://www.rhubarbinfo.com:80/bookstore/associate/amzno100x70.gif
http://www.rhubarbinfo.com:80/rhubarb-weeds.html	http://www.rhubarbinfo.com:80/images/point.gif
http://www.rhubarbinfo.com:80/rhubarb-weeds.html	http://www.rhubarbinfo.com:80/images/small.onecupofbarb.noback.gif
http://www.rhubarbinfo.com:80/taxonomy/term/85	http://www.rhubarbinfo.com:80/mini/ccbysa.png
http://www.rhubarbinfo.com:80/varieties	http://www.rhubarbinfo.com:80/files/images/rhubarb_stalks_assorted.jpg
http://www.rhubarbinfo.com:80/varieties	http://www.rhubarbinfo.com:80/files/icons/camera_small.png
http://rhubarbinfo.com/victoria_rhubarb_stalks	http://rhubarbinfo.com/sites/all/modules/spamspan/image.gif
